Player/Team,Type,GRD,PTS,REB,AST,STL,BLK,FOULS,TO,FGM,FGA,3PM,3PA,FTM,FTA,Game_ID,Team Name,Win,Season,OREB,DREB,MIN,Q1,Q2,Q3,Q4,Era,Game Edition
uuh7,Player,A,23,1,8,1,0,0,1,9,13,5,9,0,0,101,Huskies,1,1,0,1,20,0,0,0,0,,2K26
HuddyBield,Player,A,25,0,1,0,0,2,0,9,14,7,12,0,0,101,Huskies,1,1,0,0,20,0,0,0,0,,2K26
K-O-B-E-2-K-🧊,Player,B,14,1,2,3,0,4,1,4,6,4,6,2,2,101,Huskies,1,1,0,1,20,0,0,0,0,,2K26
liLurkedYoul,Player,B,9,1,0,0,0,2,0,4,6,1,1,0,0,101,Huskies,1,1,0,1,20,0,0,0,0,,2K26
IIIPennieIII,Player,A+,17,14,11,0,0,0,1,8,8,1,1,0,0,101,Huskies,1,1,4,10,20,0,0,0,0,,2K26
TOTAL,Total,A-,88,17,22,4,0,8,3,34,47,18,29,2,2,101,Huskies,1,1,5,12,20,17,22,19,30,,2K26
dewsbkipp,Player,A,24,0,9,0,0,1,2,8,12,5,7,3,3,101,Obsidian Legacy,0,1,0,0,20,0,0,0,0,,2K26
TBucx4L,Player,A-,20,0,5,0,0,1,2,8,14,4,7,0,0,101,Obsidian Legacy,0,1,0,0,20,0,0,0,0,,2K26
oJCASSO2K,Player,C+,7,0,0,0,0,1,0,3,6,1,4,0,0,101,Obsidian Legacy,0,1,0,0,20,0,0,0,0,,2K26
scottiepimpenn3,Player,B,11,2,2,2,1,2,1,4,5,3,3,0,0,101,Obsidian Legacy,0,1,0,2,20,0,0,0,0,,2K26
Oldman tommy,Player,B+,8,11,4,0,0,2,1,3,5,0,1,2,3,101,Obsidian Legacy,0,1,2,9,20,0,0,0,0,,2K26
TOTAL,Total,B+,70,13,20,2,1,7,7,26,42,13,22,5,6,101,Obsidian Legacy,0,1,2,11,20,15,13,10,32,,2K26
TBucx4L,Player,B-,8,0,6,0,0,1,3,3,10,2,7,0,0,102,Obsidian Legacy,0,1,0,0,20,0,0,0,0,,2K26
OJCASSO2K,Player,B,23,0,2,1,0,0,3,8,18,7,16,0,0,102,Obsidian Legacy,0,1,0,0,20,0,0,0,0,,2K26
Iamtrell--,Player,B-,2,1,2,2,0,1,1,1,3,0,2,0,0,102,Obsidian Legacy,0,1,0,0,20,0,0,0,0,,2K26
scottiepimpenn3,Player,C-,0,1,1,3,1,4,2,0,2,0,1,0,0,102,Obsidian Legacy,0,1,0,0,20,0,0,0,0,,2K26
Oldman tommy,Player,A-,8,8,3,0,0,0,2,4,4,0,0,0,0,102,Obsidian Legacy,0,1,0,0,20,0,0,0,0,,2K26
TOTAL,Total,B-,41,10,14,6,1,6,12,16,37,9,26,0,0,102,Obsidian Legacy,0,1,0,0,20,8,19,14,0,,2K26
uuh7,Player,A-,30,0,2,0,0,0,3,10,12,7,8,3,3,102,Huskies,1,1,0,0,20,0,0,0,0,,2K26
HuddyBield,Player,A,29,0,2,3,0,0,1,10,14,8,12,1,1,102,Huskies,1,1,0,0,20,0,0,0,0,,2K26
K-O-B-E-2-K-🧊,Player,B+,7,2,2,2,0,0,2,3,5,1,3,0,0,102,Huskies,1,1,0,0,20,0,0,0,0,,2K26
liLurkedYoul,Player,A-,14,3,4,3,1,3,0,5,7,4,5,0,0,102,Huskies,1,1,0,0,20,0,0,0,0,,2K26
IIIPennieIII,Player,A+,7,16,11,0,0,0,0,3,4,1,1,0,0,102,Huskies,1,1,0,0,20,0,0,0,0,,2K26
TOTAL,Total,A-,87,21,21,8,1,3,6,31,42,21,29,4,4,102,Huskies,1,1,0,0,20,25,21,24,17,,2K26
GlorDihhYu,Player,A,16,2,6,1,0,0,1,5,8,3,7,3,3,104,Al Ghul Academy,1,1,0,0,20,0,0,0,0,,2K26
Kyglo_,Player,A-,22,0,2,3,0,0,0,6,7,6,7,4,4,104,Al Ghul Academy,1,1,0,0,20,0,0,0,0,,2K26
MrJcabz,Player,B+,13,2,1,0,0,2,0,5,7,3,4,0,0,104,Al Ghul Academy,1,1,0,0,20,0,0,0,0,,2K26
YPFRAS,Player,B,8,2,2,3,0,4,0,4,5,0,0,0,0,104,Al Ghul Academy,1,1,0,0,20,0,0,0,0,,2K26
MagicIsD1,Player,B,5,6,1,0,0,0,0,2,4,1,1,0,0,104,Al Ghul Academy,1,1,0,0,20,0,0,0,0,,2K26
TOTAL,Total,B+,64,12,12,7,0,3,1,22,31,13,18,7,7,104,Al Ghul Academy,1,1,0,0,20,22,19,12,11,,2K26
IIKyree,Player,B,15,0,2,0,0,3,4,4,7,4,7,3,3,104,Built 4 This,0,1,0,0,20,0,0,0,0,,2K26
llexum-,Player,B-,4,0,2,0,0,0,1,2,5,0,3,0,0,104,Built 4 This,0,1,0,0,20,0,0,0,0,,2K26
llLoadingll,Player,C+,7,0,0,1,0,1,0,3,5,1,3,0,0,104,Built 4 This,0,1,0,0,20,0,0,0,0,,2K26
IIAndyy,Player,C+,0,4,0,0,1,2,2,0,4,0,2,0,0,104,Built 4 This,0,1,0,0,20,0,0,0,0,,2K26
FreeMePls,Player,B-,4,5,1,0,0,0,1,2,3,0,0,0,0,104,Built 4 This,0,1,0,0,20,0,0,0,0,,2K26
TOTAL,Total,B-,30,9,5,1,1,7,8,11,24,5,15,3,3,104,Built 4 This,0,1,0,0,20,13,11,3,3,,2K26
llKyree,Player,A+,16,0,17,1,0,0,3,6,10,4,8,0,0,103,Built 4 This,1,1,0,0,20,0,0,0,0,,2K26
llexum-,Player,A-,28,1,4,0,0,3,2,10,14,8,10,0,0,103,Built 4 This,1,1,0,0,20,0,0,0,0,,2K26
llLoadingll,Player,B-,5,0,1,2,0,3,0,2,2,1,1,0,0,103,Built 4 This,1,1,0,0,20,0,0,0,0,,2K26
llAndyy,Player,B,10,3,1,0,0,3,1,4,6,2,3,0,0,103,Built 4 This,1,1,0,0,20,0,0,0,0,,2K26
FreeMePls,Player,A-,18,13,4,1,0,0,4,9,10,0,0,0,0,103,Built 4 This,1,1,0,0,20,0,0,0,0,,2K26
TOTAL,Total,B+,77,17,27,4,0,9,10,31,42,15,22,0,0,103,Built 4 This,1,1,0,0,20,21,18,18,20,,2K26
GlorDihhYu,Player,A-,14,0,7,0,0,0,3,5,12,4,10,0,0,103,Al Ghul Academy,0,1,0,0,20,0,0,0,0,,2K26
Kyglo_,Player,A,30,0,4,1,0,0,0,10,17,7,14,3,3,103,Al Ghul Academy,0,1,0,0,20,0,0,0,0,,2K26
MrJcabz,Player,B+,13,0,2,2,0,2,0,5,6,3,3,0,0,103,Al Ghul Academy,0,1,0,0,20,0,0,0,0,,2K26
YPFRAS,Player,B,8,4,4,6,0,2,1,4,6,0,2,0,0,103,Al Ghul Academy,0,1,0,0,20,0,0,0,0,,2K26
MagicIsD1,Player,B+,10,6,1,0,0,1,1,5,6,0,1,0,0,103,Al Ghul Academy,0,1,0,0,20,0,0,0,0,,2K26
TOTAL,Total,B+,75,10,18,9,0,5,5,29,47,14,30,3,3,103,Al Ghul Academy,0,1,0,0,20,19,18,17,21,,2K26
BlameLocks,Player,A-,20,0,6,2,0,2,4,7,11,6,9,0,0,105,Al Ghul Academy,1,1,0,0,0,0,0,0,0,,2K26
YPFRAS,Player,A+,27,2,20,1,0,2,1,10,14,7,11,0,0,105,Al Ghul Academy,1,1,0,0,0,0,0,0,0,,2K26
MrJcabz,Player,A,29,1,1,3,0,2,0,11,12,7,7,0,0,105,Al Ghul Academy,1,1,0,0,0,0,0,0,0,,2K26
llPurge-,Player,B,11,4,2,3,0,3,1,4,5,1,2,2,2,105,Al Ghul Academy,1,1,0,0,0,0,0,0,0,,2K26
MagicIsD1,Player,A-,20,9,3,1,0,3,1,9,12,2,5,0,0,105,Al Ghul Academy,1,1,0,0,0,0,0,0,0,,2K26
TOTAL,Total,A-,107,16,32,10,0,12,7,41,54,23,34,2,2,105,Al Ghul Academy,1,1,0,0,0,28,28,17,34,,2K26
lllKari,Player,B-,11,0,8,0,0,0,4,3,10,2,8,3,3,105,La Familia,0,1,0,0,0,0,0,0,0,,2K26
Jujubuckss,Player,A-,34,1,5,1,0,0,4,11,18,8,14,4,4,105,La Familia,0,1,0,0,0,0,0,0,0,,2K26
fitzy1919,Player,B+,20,1,1,4,0,4,0,7,8,2,3,4,4,105,La Familia,0,1,0,0,0,0,0,0,0,,2K26
DevsCappin,Player,C+,8,1,2,0,0,3,0,2,5,1,3,3,3,105,La Familia,0,1,0,0,0,0,0,0,0,,2K26
TheDynamicWolf,Player,A,10,10,7,0,0,0,2,5,6,0,0,0,0,105,La Familia,0,1,0,0,0,0,0,0,0,,2K26
TOTAL,Total,B+,83,13,23,5,0,7,10,28,47,13,28,14,14,105,La Familia,0,1,0,0,0,19,26,20,18,,2K26
BlameLocks,Player,A+,62,0,4,2,0,1,2,23,28,16,21,0,0,106,Al Ghul Academy,1,1,0,0,0,0,0,0,0,,2K26
YPFRAS,Player,A,30,1,7,1,0,0,1,12,17,6,10,0,0,106,Al Ghul Academy,1,1,0,0,0,0,0,0,0,,2K26
MrJcabz,Player,B,7,0,2,3,1,3,1,3,7,1,4,0,0,106,Al Ghul Academy,1,1,0,0,0,0,0,0,0,,2K26
llPurge-,Player,B-,4,5,5,4,1,2,0,1,3,0,0,2,2,106,Al Ghul Academy,1,1,0,0,0,0,0,0,0,,2K26
MagicIsD1,Player,B+,6,14,6,0,1,1,1,3,5,0,0,0,0,106,Al Ghul Academy,1,1,0,0,0,0,0,0,0,,2K26
TOTAL,Total,B+,109,20,24,10,3,7,6,42,60,23,35,2,2,106,Al Ghul Academy,1,1,0,0,0,30,26,19,34,,2K26
IllKari,Player,A,14,1,14,0,0,0,5,6,14,1,9,1,1,106,La Familia,0,1,0,0,0,0,0,0,0,,2K26
luv smuds,Player,A,25,0,3,0,0,0,0,9,10,7,8,0,0,106,La Familia,0,1,0,0,0,0,0,0,0,,2K26
fitzy1919,Player,C,7,0,1,0,0,2,0,3,6,1,3,0,0,106,La Familia,0,1,0,0,0,0,0,0,0,,2K26
Jujubuckss,Player,B+,19,0,3,3,0,2,2,7,10,5,7,0,0,106,La Familia,0,1,0,0,0,0,0,0,0,,2K26
TheDynamicWolf,Player,A-,22,13,2,1,0,2,3,10,11,2,3,0,0,106,La Familia,0,1,0,0,0,0,0,0,0,,2K26
TOTAL,Total,B+,87,14,23,4,0,6,10,35,51,16,30,1,1,106,La Familia,0,1,0,0,0,17,23,18,29,,2K26
Big Clip Ron,Player,A-,18,1,9,2,0,0,2,6,13,5,9,1,2,107,Capitol City Cats,0,1,0,0,0,0,0,0,0,,2K26
TTVLoGross04755,Player,A-,21,0,3,2,0,0,2,8,13,5,8,0,0,107,Capitol City Cats,0,1,0,0,0,0,0,0,0,,2K26
xiLockDown4FUNx,Player,B,12,0,3,1,0,0,0,4,5,4,5,0,0,107,Capitol City Cats,0,1,0,0,0,0,0,0,0,,2K26
APxKROHM,Player,B-,4,2,2,0,0,1,1,2,3,0,0,0,0,107,Capitol City Cats,0,1,0,0,0,0,0,0,0,,2K26
T2E xLOux X6,Player,B+,22,11,2,0,1,0,5,10,12,0,1,2,2,107,Capitol City Cats,0,1,0,0,0,0,0,0,0,,2K26
TOTAL,Total,B+,77,14,19,5,1,1,10,30,46,14,23,3,4,107,Capitol City Cats,0,1,0,0,0,23,11,21,22,,2K26
IIIManu,Player,A+,25,1,10,2,0,0,0,9,13,7,8,0,0,107,Lost Generation,1,1,0,0,0,0,0,0,0,,2K26
IIIHurz,Player,A-,28,0,3,1,0,1,1,10,14,8,10,0,0,107,Lost Generation,1,1,0,0,0,0,0,0,0,,2K26
IIZoell,Player,B,12,1,2,5,0,1,3,5,6,2,3,0,0,107,Lost Generation,1,1,0,0,0,0,0,0,0,,2K26
DktheDon_,Player,B+,10,1,2,2,0,1,1,3,4,2,3,2,2,107,Lost Generation,1,1,0,0,0,0,0,0,0,,2K26
DynastyOnTop,Player,A,19,10,10,0,1,2,1,9,11,1,1,0,0,107,Lost Generation,1,1,0,0,0,0,0,0,0,,2K26
TOTAL,Total,A-,94,13,27,10,1,5,6,36,48,20,25,2,2,107,Lost Generation,1,1,0,0,0,29,22,12,31,,2K26
WhatttHappenedd,Player,A,18,0,10,2,0,2,1,7,12,3,8,1,1,108,Lost Generation,1,1,0,0,0,0,0,0,0,,2K26
lIlManu,Player,A,31,0,4,0,0,2,0,13,17,5,8,0,0,108,Lost Generation,1,1,0,0,0,0,0,0,0,,2K26
IlZoeIl,Player,C+,3,0,1,0,1,2,0,1,1,0,0,1,2,108,Lost Generation,1,1,0,0,0,0,0,0,0,,2K26
DktheDon_,Player,B+,19,1,0,3,0,0,0,8,12,3,5,0,0,108,Lost Generation,1,1,0,0,0,0,0,0,0,,2K26
DynastyOnTop,Player,A,9,10,11,0,1,2,1,4,7,0,1,1,1,108,Lost Generation,1,1,0,0,0,0,0,0,0,,2K26
TOTAL,Total,A-,80,11,26,5,2,8,2,33,49,11,22,3,4,108,Lost Generation,1,1,0,0,0,19,23,15,23,,2K26
Big Clip Ron,Player,A+,38,0,10,0,0,0,4,14,18,10,13,0,0,108,Capitol City Cats,0,1,0,0,0,0,0,0,0,,2K26
TTVLoGross04755,Player,B+,10,0,4,0,0,0,0,3,5,2,3,2,2,108,Capitol City Cats,0,1,0,0,0,0,0,0,0,,2K26
xiLockDown4FUNx,Player,C,0,0,1,1,0,2,0,0,0,0,0,0,0,108,Capitol City Cats,0,1,0,0,0,0,0,0,0,,2K26
APxKROHM,Player,B,11,4,0,0,0,2,0,5,6,1,2,0,0,108,Capitol City Cats,0,1,0,0,0,0,0,0,0,,2K26
T2E xLOUx X6,Player,A-,20,9,3,1,1,1,1,10,15,0,1,0,0,108,Capitol City Cats,0,1,0,0,0,0,0,0,0,,2K26
TOTAL,Total,B+,79,13,18,2,1,5,6,32,44,13,19,2,2,108,Capitol City Cats,0,1,0,0,0,21,19,22,17,,2K26
Trifecta,Player,A,28,0,10,0,0,0,3,10,16,8,14,0,0,109,Krashout,1,1,0,0,0,0,0,0,0,,2K26
MyOllies,Player,A-,21,0,4,1,0,2,2,7,14,4,9,3,3,109,Krashout,1,1,0,0,0,0,0,0,0,,2K26
Crunch tuff,Player,B-,11,1,0,3,0,1,1,5,10,1,3,0,0,109,Krashout,1,1,0,0,0,0,0,0,0,,2K26
Paint-Defender,Player,B,3,3,3,2,1,3,0,1,4,1,2,0,0,109,Krashout,1,1,0,0,0,0,0,0,0,,2K26
II WHEEL II,Player,A,20,18,6,1,0,1,2,8,9,4,4,0,0,109,Krashout,1,1,0,0,0,0,0,0,0,,2K26
TOTAL,Total,A-,83,22,23,7,1,7,8,31,53,18,32,3,3,109,Krashout,1,1,0,0,0,20,29,18,16,,2K26
uuh7,Player,A,14,1,12,0,1,0,3,5,12,4,8,0,0,109,Huskies,0,1,0,0,0,0,0,0,0,,2K26
HuddyBield,Player,A-,19,0,6,5,0,2,2,8,14,3,9,0,0,109,Huskies,0,1,0,0,0,0,0,0,0,,2K26
K-O-B-E-2-K-🧊,Player,A-,13,0,3,3,0,1,1,5,5,3,3,0,0,109,Huskies,0,1,0,0,0,0,0,0,0,,2K26
liLurkedYoul,Player,B+,16,3,0,0,1,0,0,6,8,4,4,0,0,109,Huskies,0,1,0,0,0,0,0,0,0,,2K26
IIIPennieIII,Player,A-,10,9,5,0,0,0,2,5,5,0,0,0,0,109,Huskies,0,1,0,0,0,0,0,0,0,,2K26
TOTAL,Total,A-,72,13,26,8,2,3,8,29,44,14,24,0,0,109,Huskies,0,1,0,0,0,19,18,18,17,,2K26
uuh7,Player,B+,5,0,7,0,0,0,3,1,6,0,3,3,3,110,Huskies,0,1,0,0,0,0,0,0,0,,2K26
HuddyBield,Player,B+,17,2,7,0,0,0,4,7,13,3,8,0,0,110,Huskies,0,1,0,0,0,0,0,0,0,,2K26
K-O-B-E-2-K-🧊,Player,B,15,1,1,1,0,1,2,5,9,5,9,0,0,110,Huskies,0,1,0,0,0,0,0,0,0,,2K26
liLurkedYouI,Player,A-,15,6,4,2,0,2,1,5,5,5,5,0,0,110,Huskies,0,1,0,0,0,0,0,0,0,,2K26
IIIPennieIII,Player,B+,16,11,1,0,0,0,3,8,10,0,2,0,0,110,Huskies,0,1,0,0,0,0,0,0,0,,2K26
TOTAL,Total,B+,68,20,20,3,0,3,13,26,43,13,27,3,3,110,Huskies,0,1,0,0,0,16,8,19,25,,2K26
Trifecta,Player,A,40,0,5,2,1,2,2,14,20,10,15,2,2,110,Krashout,1,1,0,0,0,0,0,0,0,,2K26
MyOllies,Player,A-,12,0,3,2,0,1,0,4,12,4,11,0,0,110,Krashout,1,1,0,0,0,0,0,0,0,,2K26
Crunch tuff,Player,B+,10,1,1,5,0,1,0,5,10,0,4,0,0,110,Krashout,1,1,0,0,0,0,0,0,0,,2K26
Paint-Defender,Player,B,5,4,2,1,0,0,0,2,4,1,3,0,0,110,Krashout,1,1,0,0,0,0,0,0,0,,2K26
II WHEEL II,Player,A,18,17,6,2,0,0,1,7,13,4,7,0,0,110,Krashout,1,1,0,0,0,0,0,0,0,,2K26
TOTAL,Total,A-,85,22,17,12,1,4,3,32,59,19,40,2,2,110,Krashout,1,1,0,0,0,23,23,18,21,,2K26
Trifecta,Player,A-,16,1,9,2,0,1,4,7,13,2,6,0,0,111,Krashout,1,1,0,0,0,0,0,0,0,,2K26
MyOllies,Player,A-,27,0,3,1,0,2,2,9,15,6,11,3,3,111,Krashout,1,1,0,0,0,0,0,0,0,,2K26
Crunch tuff,Player,B-,10,0,1,0,0,3,0,4,5,2,3,0,0,111,Krashout,1,1,0,0,0,0,0,0,0,,2K26
Paint-Defender,Player,C-,0,6,2,2,0,1,2,0,6,0,5,0,0,111,Krashout,1,1,0,0,0,0,0,0,0,,2K26
II WHEEL II,Player,A,28,20,5,1,0,0,2,10,12,1,2,7,7,111,Krashout,1,1,0,0,0,0,0,0,0,,2K26
TOTAL,Total,B,81,27,19,7,0,6,8,30,51,11,27,10,10,111,Krashout,1,1,0,0,0,20,23,9,29,,2K26
lllManu,Player,A-,15,1,7,1,0,0,3,5,14,3,8,2,2,111,Lost Generation,1,1,0,0,0,0,0,0,0,,2K26
lllHurz,Player,A-,10,0,7,0,0,2,0,4,9,2,6,0,0,111,Lost Generation,1,1,0,0,0,0,0,0,0,,2K26
llHopeMikaelson,Player,A-,12,0,1,3,0,2,0,4,6,4,5,0,0,111,Lost Generation,1,1,0,0,0,0,0,0,0,,2K26
SkeamgamingV,Player,B,16,4,3,1,0,3,4,6,7,4,4,0,0,111,Lost Generation,1,1,0,0,0,0,0,0,0,,2K26
DynastyOnTop,Player,A-,16,7,2,2,0,2,0,8,10,0,0,0,0,111,Lost Generation,1,1,0,0,0,0,0,0,0,,2K26
TOTAL,Total,A-,69,12,20,7,0,9,7,27,46,13,23,2,2,111,Lost Generation,1,1,0,0,0,13,17,20,19,,2K26
lllManu,Player,A,28,1,5,1,0,0,3,9,13,6,8,4,4,112,Lost Generation,0,1,0,0,0,0,0,0,0,,2K26
lllHurz,Player,A,24,0,8,1,0,0,1,10,11,4,4,0,0,112,Lost Generation,0,1,0,0,0,0,0,0,0,,2K26
llHopeMikaelson,Player,A-,29,0,0,0,0,1,0,11,14,7,10,0,0,112,Lost Generation,0,1,0,0,0,0,0,0,0,,2K26
SkeamgamingV,Player,B,5,1,5,6,1,5,0,2,3,1,2,0,0,112,Lost Generation,0,1,0,0,0,0,0,0,0,,2K26
DynastyOnTop,Player,A-,6,8,7,0,0,3,3,2,5,0,2,2,2,112,Lost Generation,0,1,0,0,0,0,0,0,0,,2K26
TOTAL,Total,A-,92,10,25,8,1,8,7,34,46,18,26,6,6,112,Lost Generation,0,1,0,0,0,20,32,21,19,,2K26
llTrifecta,Player,A+,31,0,13,1,0,0,2,10,18,7,14,4,4,112,Krashout,0,1,0,0,0,0,0,0,0,,2K26
MyOllies,Player,B+,24,1,0,0,0,3,0,9,12,6,9,0,0,112,Krashout,0,1,0,0,0,0,0,0,0,,2K26
Crunch tuff,Player,B-,7,0,2,0,0,3,0,3,3,1,1,0,0,112,Krashout,0,1,0,0,0,0,0,0,0,,2K26
Paint-Defender,Player,B-,7,6,4,3,0,1,4,3,5,1,3,0,0,112,Krashout,0,1,0,0,0,0,0,0,0,,2K26
II WHEEL II,Player,A,20,6,5,2,2,0,2,8,8,2,2,2,2,112,Krashout,0,1,0,0,0,0,0,0,0,,2K26
TOTAL,Total,B+,89,13,24,6,2,7,8,33,46,17,29,6,6,112,Krashout,0,1,0,0,0,21,19,20,29,,2K26
IllManu,Player,A-,21,1,11,1,0,2,0,7,9,5,7,2,2,113,Lost Generation,1,1,0,0,0,0,0,0,0,,2K26
IlHurz,Player,A-,20,0,4,3,0,1,1,8,13,4,8,0,0,113,Lost Generation,1,1,0,0,0,0,0,0,0,,2K26
llHopeMikaelson,Player,B+,20,1,0,2,0,2,0,9,11,2,2,0,0,113,Lost Generation,1,1,0,0,0,0,0,0,0,,2K26
SkeamgamingV,Player,B+,7,3,5,1,1,3,0,3,5,1,2,0,0,113,Lost Generation,1,1,0,0,0,0,0,0,0,,2K26
DynastyOnTop,Player,A,30,13,12,0,0,0,1,13,14,4,5,0,0,113,Lost Generation,1,1,0,0,0,0,0,0,0,,2K26
TOTAL,Total,A-,98,18,32,7,1,8,2,40,52,16,24,2,2,113,Lost Generation,1,1,0,0,0,22,22,18,36,,2K26
llxmollyll,Player,B,15,0,4,0,0,0,4,6,11,1,3,2,2,113,Team Obsidian,0,1,0,0,0,0,0,0,0,,2K26
iBoola,Player,A-,38,0,4,1,0,2,1,13,17,11,14,1,2,113,Team Obsidian,0,1,0,0,0,0,0,0,0,,2K26
TravTheLock,Player,B-,3,0,1,1,0,0,0,1,1,1,1,0,0,113,Team Obsidian,0,1,0,0,0,0,0,0,0,,2K26
WhoLahGain,Player,C,0,4,2,0,0,1,0,0,4,0,4,0,0,113,Team Obsidian,0,1,0,0,0,0,0,0,0,,2K26
Emanuel-tv,Player,B+,10,7,8,0,0,0,4,5,10,0,4,0,0,113,Team Obsidian,0,1,0,0,0,0,0,0,0,,2K26
TOTAL,Total,B,66,11,19,2,0,3,9,25,43,13,26,3,4,113,Team Obsidian,0,1,0,0,0,19,9,26,12,,2K26
llxmollyll,Player,A-,18,3,6,0,0,0,2,8,14,1,5,1,1,114,Team Obsidian,0,1,0,0,0,0,0,0,0,,2K26
iBoola,Player,A,19,1,11,0,0,0,1,8,11,3,6,0,1,114,Team Obsidian,0,1,0,0,0,0,0,0,0,,2K26
TravTheLock,Player,B,9,0,0,3,0,1,0,4,5,1,2,0,0,114,Team Obsidian,0,1,0,0,0,0,0,0,0,,2K26
WhoLahGain,Player,C+,2,2,0,1,1,1,0,1,3,0,1,0,0,114,Team Obsidian,0,1,0,0,0,0,0,0,0,,2K26
Emanuel-tv,Player,B+,18,11,3,0,1,2,5,9,12,0,1,0,0,114,Team Obsidian,0,1,0,0,0,0,0,0,0,,2K26
TOTAL,Total,B+,66,17,20,4,2,4,8,30,45,5,15,1,2,114,Team Obsidian,0,1,0,0,0,13,16,15,22,,2K26
IIIManu,Player,A-,21,0,7,0,0,0,4,8,11,5,7,0,0,114,Lost Generation,1,1,0,0,0,0,0,0,0,,2K26
IIHurz,Player,A,26,1,5,0,0,3,0,10,13,6,8,0,0,114,Lost Generation,1,1,0,0,0,0,0,0,0,,2K26
IIHopeMikaelson,Player,B+,15,1,3,2,1,2,0,6,11,3,6,0,0,114,Lost Generation,1,1,0,0,0,0,0,0,0,,2K26
SkeamgamingV,Player,B,3,1,3,3,0,4,0,1,3,0,0,1,2,114,Lost Generation,1,1,0,0,0,0,0,0,0,,2K26
DynastyOnTop,Player,A,16,11,5,2,0,1,0,7,10,0,0,2,2,114,Lost Generation,1,1,0,0,0,0,0,0,0,,2K26
TOTAL,Total,A-,81,14,23,7,1,10,4,32,48,14,21,3,4,114,Lost Generation,1,1,0,0,0,20,20,24,17,,2K26
YPFRAS,Player,A,16,1,12,3,0,4,1,5,9,4,5,2,2,115,Al Ghul Academy,1,1,0,0,0,0,0,0,0,,2K26
Kyglo_,Player,A,48,0,4,4,0,2,1,19,28,10,17,0,0,115,Al Ghul Academy,1,1,0,0,0,0,0,0,0,,2K26
MrJcabz,Player,C,8,0,1,0,0,4,1,3,6,2,4,0,0,115,Al Ghul Academy,1,1,0,0,0,0,0,0,0,,2K26
BlameLocks,Player,C+,0,1,1,1,0,0,0,0,0,0,0,0,0,115,Al Ghul Academy,1,1,0,0,0,0,0,0,0,,2K26
MagicIsD1,Player,A,14,13,10,0,0,0,1,7,8,0,0,0,0,115,Al Ghul Academy,1,1,0,0,0,0,0,0,0,,2K26
TOTAL,Total,B+,86,15,28,8,0,10,4,34,51,16,26,2,2,115,Al Ghul Academy,1,1,0,0,0,11,19,35,21,,2K26
uuh7,Player,A-,18,0,5,0,0,0,0,7,13,4,10,0,0,115,Huskies,0,1,0,0,0,0,0,0,0,,2K26
HuddyBield,Player,A,17,0,13,1,0,0,2,6,9,5,7,0,0,115,Huskies,0,1,0,0,0,0,0,0,0,,2K26
liLurkedYoul,Player,B-,13,2,1,1,0,0,1,3,4,1,2,6,7,115,Huskies,0,1,0,0,0,0,0,0,0,,2K26
Javalanche,Player,B-,11,4,0,0,1,4,0,4,5,3,3,0,0,115,Huskies,0,1,0,0,0,0,0,0,0,,2K26
IIIPennieIII,Player,A-,21,9,6,1,0,2,5,10,12,1,2,0,0,115,Huskies,0,1,0,0,0,0,0,0,0,,2K26
TOTAL,Total,B+,80,15,25,3,1,6,8,30,43,14,24,6,7,115,Huskies,0,1,0,0,0,23,24,14,19,,2K26
uuh7,Player,A+,19,1,13,0,0,0,0,6,11,2,6,5,5,116,Huskies,1,1,0,0,0,0,0,0,0,,2K26
HuddyBield,Player,A-,17,0,4,1,0,1,0,7,15,3,9,0,3,116,Huskies,1,1,0,0,0,0,0,0,0,,2K26
liLurkedYoul,Player,B+,14,2,3,4,1,1,1,5,6,4,4,0,0,116,Huskies,1,1,0,0,0,0,0,0,0,,2K26
Javalanche,Player,B,12,3,1,1,1,2,2,5,7,2,3,0,0,116,Huskies,1,1,0,0,0,0,0,0,0,,2K26
IIIPennieIII,Player,A,19,13,3,0,0,1,0,8,9,3,3,0,0,116,Huskies,1,1,0,0,0,0,0,0,0,,2K26
TOTAL,Total,A-,81,19,24,6,2,5,3,31,48,14,25,5,8,116,Huskies,1,1,0,0,0,20,16,21,24,,2K26
YPFRAS,Player,A-,15,1,12,0,1,3,4,6,12,3,6,0,0,116,Al Ghul Academy,0,1,0,0,0,0,0,0,0,,2K26
Kyglo_,Player,A-,31,0,3,0,0,3,0,13,21,4,10,1,1,116,Al Ghul Academy,0,1,0,0,0,0,0,0,0,,2K26
MrJcabz,Player,B-,4,1,0,2,0,3,0,2,8,0,4,0,0,116,Al Ghul Academy,0,1,0,0,0,0,0,0,0,,2K26
BlameLocks,Player,B-,9,6,0,0,0,1,1,3,5,3,5,0,0,116,Al Ghul Academy,0,1,0,0,0,0,0,0,0,,2K26
MagicIsD1,Player,A,6,14,7,1,0,1,1,3,4,0,1,0,0,116,Al Ghul Academy,0,1,0,0,0,0,0,0,0,,2K26
TOTAL,Total,B+,65,22,22,3,1,11,6,27,50,10,26,1,1,116,Al Ghul Academy,0,1,0,0,0,17,17,13,18,,2K26
BlameLocks,Player,B-,19,2,2,3,0,2,2,7,16,5,13,0,0,118,Al Ghul Academy,1,1,0,0,0,0,0,0,0,,2K26
Kyglo_,Player,A,44,1,4,3,0,3,2,17,30,9,16,1,1,118,Al Ghul Academy,1,1,0,0,0,0,0,0,0,,2K26
MrJcabz,Player,B,5,1,0,0,1,0,2,2,5,1,3,0,0,118,Al Ghul Academy,1,1,0,0,0,0,0,0,0,,2K26
YPFRAS,Player,A+,14,7,17,9,0,3,4,4,4,4,4,2,3,118,Al Ghul Academy,1,1,0,0,0,0,0,0,0,,2K26
MagicIsD1,Player,A-,12,11,5,1,0,2,1,5,6,2,3,0,0,118,Al Ghul Academy,1,1,0,0,0,0,0,0,0,,2K26
TOTAL,Total,A-,94,22,28,16,1,10,11,35,61,21,39,3,4,118,Al Ghul Academy,1,1,0,0,0,23,19,22,30,,2K26
TBucx4L,Player,B,4,2,3,1,0,3,3,1,4,1,3,1,1,118,Obsidian Legacy,0,1,0,0,0,0,0,0,0,,2K26
J-Kvino,Player,A,31,3,6,1,1,1,5,12,20,7,12,0,0,118,Obsidian Legacy,0,1,0,0,0,0,0,0,0,,2K26
OJCASSO2K,Player,A-,19,0,4,2,0,0,2,7,8,5,6,0,0,118,Obsidian Legacy,0,1,0,0,0,0,0,0,0,,2K26
scottiepimpenn3,Player,A,25,2,2,6,0,3,0,9,15,7,11,0,0,118,Obsidian Legacy,0,1,0,0,0,0,0,0,0,,2K26
Oldman tommy,Player,B+,11,16,8,0,1,3,6,4,7,1,2,2,2,118,Obsidian Legacy,0,1,0,0,0,0,0,0,0,,2K26
TOTAL,Total,A-,90,23,23,10,2,10,16,33,54,21,34,3,3,118,Obsidian Legacy,0,1,0,0,0,11,23,20,36,,2K26
BlameLocks,Player,A+,32,0,6,1,0,0,0,11,12,7,8,3,3,117,Al Ghul Academy,1,1,0,0,0,0,0,0,0,,2K26
Kyglo_,Player,A+,44,0,5,3,0,0,1,16,24,12,17,0,0,117,Al Ghul Academy,1,1,0,0,0,0,0,0,0,,2K26
MrJcabz,Player,B+,7,1,1,2,2,1,0,3,4,1,2,0,0,117,Al Ghul Academy,1,1,0,0,0,0,0,0,0,,2K26
YPFRAS,Player,A,4,8,10,2,0,0,0,2,3,0,0,0,0,117,Al Ghul Academy,1,1,0,0,0,0,0,0,0,,2K26
MagicIsD1,Player,B+,16,11,3,0,0,0,3,8,11,0,1,0,0,117,Al Ghul Academy,1,1,0,0,0,0,0,0,0,,2K26
TOTAL,Total,A-,103,20,25,8,2,1,4,40,54,20,28,3,3,117,Al Ghul Academy,1,1,0,0,0,20,23,29,31,,2K26
TBucx4L,Player,B-,2,1,11,0,0,2,4,1,7,0,3,0,0,117,Obsidian Legacy,0,1,0,0,0,0,0,0,0,,2K26
J-Kvino,Player,A,24,0,8,1,0,0,0,9,14,6,10,0,0,117,Obsidian Legacy,0,1,0,0,0,0,0,0,0,,2K26
OJCASSO2K,Player,A-,23,0,1,1,0,1,1,9,11,5,7,0,0,117,Obsidian Legacy,0,1,0,0,0,0,0,0,0,,2K26
scottiepimpenn3,Player,B-,9,4,3,0,0,4,0,3,9,3,9,0,0,117,Obsidian Legacy,0,1,0,0,0,0,0,0,0,,2K26
Oldman tommy,Player,A-,13,6,5,0,0,0,3,6,7,1,2,0,0,117,Obsidian Legacy,0,1,0,0,0,0,0,0,0,,2K26
TOTAL,Total,B+,71,11,28,2,0,7,9,28,48,15,31,0,0,117,Obsidian Legacy,0,1,0,0,0,19,18,16,18,,2K26
llxmollyll,Player,A,37,0,5,1,0,0,2,13,19,8,11,3,3,119,Team Obsidian,1,1,0,0,0,0,0,0,0,,2K26
iBoola,Player,A,35,0,4,0,0,0,1,13,17,9,10,0,0,119,Team Obsidian,1,1,0,0,0,0,0,0,0,,2K26
TravTheLock,Player,B+,7,2,1,2,1,2,0,3,7,1,2,0,0,119,Team Obsidian,1,1,0,0,0,0,0,0,0,,2K26
WhoLahGain,Player,A,2,8,9,3,2,1,1,1,4,0,3,0,0,119,Team Obsidian,1,1,0,0,0,0,0,0,0,,2K26
CrippledGangsta,Player,A-,10,17,3,1,2,0,3,5,5,0,0,0,0,119,Team Obsidian,1,1,0,0,0,0,0,0,0,,2K26
TOTAL,Total,A-,91,27,22,7,5,3,7,35,52,18,26,3,3,119,Team Obsidian,1,1,0,0,0,13,18,28,32,,2K26
TBucx4L,Player,B,18,1,6,1,0,4,4,7,15,4,10,0,0,119,Obsidian Legacy,0,1,0,0,0,0,0,0,0,,2K26
J-Kvino,Player,A-,24,0,2,0,0,0,0,9,15,6,8,0,0,119,Obsidian Legacy,0,1,0,0,0,0,0,0,0,,2K26
Iamtrell--,Player,C+,3,1,2,3,0,0,1,1,1,1,1,0,0,119,Obsidian Legacy,0,1,0,0,0,0,0,0,0,,2K26
scottiepimpenn3,Player,C+,5,1,0,2,0,3,1,2,7,1,4,0,0,119,Obsidian Legacy,0,1,0,0,0,0,0,0,0,,2K26
Oldman tommy,Player,B,4,6,6,0,0,0,3,2,7,0,1,0,0,119,Obsidian Legacy,0,1,0,0,0,0,0,0,0,,2K26
TOTAL,Total,B-,54,9,16,6,0,7,9,21,45,12,24,0,0,119,Obsidian Legacy,0,1,0,0,0,9,14,16,15,,2K26
llxmollyll,Player,A-,17,1,12,0,0,2,2,7,12,3,5,0,0,120,Team Obsidian,1,1,0,0,0,0,0,0,0,,2K26
iBoola,Player,A,42,0,5,0,0,1,3,16,20,10,11,0,0,120,Team Obsidian,1,1,0,0,0,0,0,0,0,,2K26
TravTheLock,Player,C,2,0,1,2,0,0,0,1,2,0,1,0,0,120,Team Obsidian,1,1,0,0,0,0,0,0,0,,2K26
WhoLahGain,Player,C+,9,2,0,2,0,1,1,4,5,1,2,0,0,120,Team Obsidian,1,1,0,0,0,0,0,0,0,,2K26
CrippledGangsta,Player,A-,12,12,5,0,0,0,1,6,6,0,0,0,0,120,Team Obsidian,1,1,0,0,0,0,0,0,0,,2K26
TOTAL,Total,B,82,15,23,4,0,4,7,34,45,14,19,0,0,120,Team Obsidian,1,1,0,0,0,17,20,23,22,,2K26
TBucx4L,Player,A-,28,1,8,0,0,0,6,10,15,6,8,2,3,120,Obsidian Legacy,0,1,0,0,0,0,0,0,0,,2K26
J-Kvino,Player,A-,20,0,6,1,0,0,0,8,15,4,10,0,0,120,Obsidian Legacy,0,1,0,0,0,0,0,0,0,,2K26
Iamtrell--,Player,C+,3,0,1,1,0,1,0,1,3,1,3,0,0,120,Obsidian Legacy,0,1,0,0,0,0,0,0,0,,2K26
scottiepimpenn3,Player,B,10,4,2,3,0,1,0,4,5,2,2,0,0,120,Obsidian Legacy,0,1,0,0,0,0,0,0,0,,2K26
Oldman tommy,Player,A-,17,8,4,0,0,1,2,7,10,3,4,0,0,120,Obsidian Legacy,0,1,0,0,0,0,0,0,0,,2K26
TOTAL,Total,B+,78,13,20,5,0,3,8,30,48,16,27,2,3,120,Obsidian Legacy,0,1,0,0,0,30,15,16,17,,2K26
IIlkari,Player,A,38,1,6,0,0,2,1,14,21,7,10,3,3,121,La Familia,1,1,0,0,0,0,0,0,0,,2K26
Gods Flaw,Player,B-,11,0,2,2,0,1,1,4,8,3,5,0,0,121,La Familia,1,1,0,0,0,0,0,0,0,,2K26
Sohtoxxic,Player,B+,12,1,1,1,1,3,1,4,8,4,7,0,0,121,La Familia,1,1,0,0,0,0,0,0,0,,2K26
Jujubuckss,Player,B,7,6,3,2,0,2,1,2,7,1,3,2,2,121,La Familia,1,1,0,0,0,0,0,0,0,,2K26
TheDynamicWolf,Player,A-,9,10,4,1,0,0,0,4,7,1,3,0,0,121,La Familia,1,1,0,0,0,0,0,0,0,,2K26
TOTAL,Total,B+,77,18,16,6,1,8,4,28,51,16,28,5,5,121,La Familia,1,1,0,0,0,18,16,22,21,,2K26
Trifecta,Player,A,14,1,13,2,0,0,3,6,13,2,7,0,0,121,Krashout,0,1,0,0,0,0,0,0,0,,2K26
MyOllies,Player,A,28,0,4,0,0,2,0,10,13,6,9,2,3,121,Krashout,0,1,0,0,0,0,0,0,0,,2K26
Paint-Defender,Player,B-,4,0,0,0,1,1,0,2,3,0,1,0,0,121,Krashout,0,1,0,0,0,0,0,0,0,,2K26
JerryRiced,Player,B,7,3,2,2,2,4,1,3,4,1,1,0,0,121,Krashout,0,1,0,0,0,0,0,0,0,,2K26
II WHEEL II,Player,B+,16,12,3,0,0,2,4,7,10,2,3,0,0,121,Krashout,0,1,0,0,0,0,0,0,0,,2K26
TOTAL,Total,B+,69,16,22,4,3,8,8,28,43,11,21,2,3,121,Krashout,0,1,0,0,0,12,18,20,19,,2K26
TBucx4L,Player,C,21,0,4,1,0,0,7,7,15,5,9,2,2,123,Obsidian Legacy,0,1,0,0,0,0,0,0,0,,2K26
J-Kvino,Player,B+,10,0,3,0,0,0,1,3,6,2,3,2,2,123,Obsidian Legacy,0,1,0,0,0,0,0,0,0,,2K26
Iamtrell--,Player,A-,23,0,2,1,0,1,0,9,13,5,6,0,0,123,Obsidian Legacy,0,1,0,0,0,0,0,0,0,,2K26
scottiepimpenn3,Player,A-,15,0,5,0,0,1,1,5,7,5,7,0,0,123,Obsidian Legacy,0,1,0,0,0,0,0,0,0,,2K26
Oldman tommy,Player,A-,4,14,6,1,0,2,2,2,4,0,1,0,0,123,Obsidian Legacy,0,1,0,0,0,0,0,0,0,,2K26
TOTAL,Total,B+,73,14,20,3,0,4,11,26,45,17,26,4,4,123,Obsidian Legacy,0,1,0,0,0,13,15,16,29,,2K26
ThaGap,Player,A+,35,0,6,3,0,1,0,12,16,10,13,1,1,123,Public Enemy,1,1,0,0,0,0,0,0,0,,2K26
Pxlo Uncut,Player,A-,31,0,3,1,0,2,1,11,16,6,9,3,3,123,Public Enemy,1,1,0,0,0,0,0,0,0,,2K26
hankgbit,Player,A-,12,0,3,4,0,1,0,5,7,2,3,0,0,123,Public Enemy,1,1,0,0,0,0,0,0,0,,2K26
Dawgiest,Player,A-,14,6,3,1,0,2,0,5,5,4,4,0,0,123,Public Enemy,1,1,0,0,0,0,0,0,0,,2K26
AyToken,Player,A-,12,9,10,2,0,0,2,6,8,0,1,0,0,123,Public Enemy,1,1,0,0,0,0,0,0,0,,2K26
TOTAL,Total,A-,104,15,25,11,0,6,3,39,52,22,30,4,4,123,Public Enemy,1,1,0,0,0,22,22,28,32,,2K26
TBucx4L,Player,B+,20,0,4,0,0,2,5,5,7,4,5,6,6,124,Obsidian Legacy,0,1,0,0,0,0,0,0,0,,2K26
J-Kvino,Player,A-,25,0,6,0,0,1,2,9,13,7,10,0,0,124,Obsidian Legacy,0,1,0,0,0,0,0,0,0,,2K26
Iamtrell--,Player,B,12,0,2,0,0,1,0,4,6,4,5,0,0,124,Obsidian Legacy,0,1,0,0,0,0,0,0,0,,2K26
scottiepimpenn3,Player,A-,27,0,2,1,0,3,0,10,14,7,11,0,0,124,Obsidian Legacy,0,1,0,0,0,0,0,0,0,,2K26
Oldman tommy,Player,B,0,14,10,0,1,2,3,0,0,0,0,0,0,124,Obsidian Legacy,0,1,0,0,0,0,0,0,0,,2K26
TOTAL,Total,B+,84,14,24,1,1,9,10,28,40,22,31,6,6,124,Obsidian Legacy,0,1,0,0,0,13,16,26,29,,2K26
ThaGap,Player,A,30,0,7,1,0,1,2,11,19,8,15,0,0,124,Public Enemy,1,1,0,0,0,0,0,0,0,,2K26
Pxlo Uncut,Player,A,29,0,6,2,0,0,0,11,15,7,10,0,0,124,Public Enemy,1,1,0,0,0,0,0,0,0,,2K26
hankgbit,Player,B-,8,0,1,2,0,4,0,3,3,2,2,0,0,124,Public Enemy,1,1,0,0,0,0,0,0,0,,2K26
dawgiest,Player,A-,18,5,4,1,0,4,0,6,7,6,6,0,0,124,Public Enemy,1,1,0,0,0,0,0,0,0,,2K26
AyToken,Player,A-,12,9,4,2,0,0,0,5,9,0,1,2,2,124,Public Enemy,1,1,0,0,0,0,0,0,0,,2K26
TOTAL,Total,A-,97,14,22,8,0,9,2,36,53,23,34,2,2,124,Public Enemy,1,1,0,0,0,22,27,27,21,,2K26
lllManu,Player,B+,27,0,14,0,0,2,7,8,13,7,10,4,4,125,Lost Generation,1,1,0,0,0,0,0,0,0,,2K26
lIHurz,Player,A-,24,0,7,1,0,1,1,9,14,6,8,0,0,125,Lost Generation,1,1,0,0,0,0,0,0,0,,2K26
lIZoell,Player,A-,27,2,0,1,0,3,0,10,13,5,8,2,2,125,Lost Generation,1,1,0,0,0,0,0,0,0,,2K26
DKtheDon_,Player,B+,14,2,1,2,0,4,3,6,10,2,3,0,0,125,Lost Generation,1,1,0,0,0,0,0,0,0,,2K26
DynastyOnTop,Player,A,27,19,13,2,0,1,2,12,14,1,3,2,2,125,Lost Generation,1,1,0,0,0,0,0,0,0,,2K26
TOTAL,Total,A-,119,23,35,6,0,11,13,45,64,21,32,8,8,125,Lost Generation,1,1,0,0,0,20,15,20,64,,2K26
I Kyree,Player,A,52,1,10,1,0,0,4,18,30,14,23,2,2,125,Built 4 This,0,1,0,0,0,0,0,0,0,,2K26
I exum-,Player,B+,21,0,1,0,0,2,0,8,14,5,10,0,0,125,Built 4 This,0,1,0,0,0,0,0,0,0,,2K26
lILoadingIl,Player,A,17,0,3,7,0,4,1,7,9,1,3,2,2,125,Built 4 This,0,1,0,0,0,0,0,0,0,,2K26
I Andyy,Player,B+,12,6,5,3,1,4,3,5,7,2,4,0,0,125,Built 4 This,0,1,0,0,0,0,0,0,0,,2K26
FreeMePls,Player,A-,16,11,7,1,0,1,0,7,11,2,4,0,0,125,Built 4 This,0,1,0,0,0,0,0,0,0,,2K26
TOTAL,Total,A-,118,18,26,12,1,11,8,45,71,24,44,4,4,125,Built 4 This,0,1,0,0,0,24,23,17,54,,2K26
llKyree,Player,A,21,0,12,2,0,0,2,8,11,5,8,0,0,126,Built 4 This,1,1,0,0,0,0,0,0,0,,2K26
llexum-,Player,A-,27,0,2,0,0,0,1,9,15,7,12,2,2,126,Built 4 This,1,1,0,0,0,0,0,0,0,,2K26
llLoadingll,Player,B,8,1,1,2,0,2,0,3,6,2,2,0,0,126,Built 4 This,1,1,0,0,0,0,0,0,0,,2K26
llAndyy,Player,B,12,5,2,2,0,2,0,5,7,2,3,0,0,126,Built 4 This,1,1,0,0,0,0,0,0,0,,2K26
FreeMePls,Player,A-,24,9,6,0,0,3,1,12,12,0,0,0,0,126,Built 4 This,1,1,0,0,0,0,0,0,0,,2K26
TOTAL,Total,A-,92,15,23,6,0,7,5,37,51,16,25,2,2,126,Built 4 This,1,1,0,0,0,27,21,23,21,,2K26
lllManu,Player,A-,12,0,9,0,0,2,3,4,9,1,5,3,3,126,Lost Generation,0,1,0,0,0,0,0,0,0,,2K26
llHurz,Player,B+,17,0,3,0,0,1,2,6,9,5,8,0,0,126,Lost Generation,0,1,0,0,0,0,0,0,0,,2K26
llZoell,Player,A-,18,3,2,1,1,0,2,8,10,2,4,0,0,126,Lost Generation,0,1,0,0,0,0,0,0,0,,2K26
DktheDon_,Player,B+,16,0,1,3,0,3,1,6,9,4,7,0,0,126,Lost Generation,0,1,0,0,0,0,0,0,0,,2K26
DynastyOnTop,Player,A,17,11,11,0,1,1,1,7,11,2,2,1,1,126,Lost Generation,0,1,0,0,0,0,0,0,0,,2K26
TOTAL,Total,A-,80,14,26,4,2,5,9,31,48,14,26,4,4,126,Lost Generation,0,1,0,0,0,12,25,15,28,,2K26
BlameLocks,Player,A,28,0,5,1,0,0,3,10,16,8,11,0,0,127,Al Ghul Academy,1,1,0,0,0,0,0,0,0,,2K26
IlPurge-,Player,A-,31,0,3,1,0,1,0,13,20,5,11,0,0,127,Al Ghul Academy,1,1,0,0,0,0,0,0,0,,2K26
MrJcabz,Player,A-,18,3,1,1,1,2,2,7,10,4,5,0,0,127,Al Ghul Academy,1,1,0,0,0,0,0,0,0,,2K26
YPFRAS,Player,A,10,4,12,5,0,2,0,4,7,2,4,0,0,127,Al Ghul Academy,1,1,0,0,0,0,0,0,0,,2K26
MagicIsD1,Player,A,7,14,7,0,0,0,0,2,6,1,2,2,2,127,Al Ghul Academy,1,1,0,0,0,0,0,0,0,,2K26
TOTAL,Total,A-,94,21,27,10,1,4,5,36,59,20,33,2,2,127,Al Ghul Academy,1,1,0,0,0,24,24,26,20,,2K26
llxmollyll,Player,B,11,0,6,0,0,0,6,4,8,3,5,0,0,127,Team Obsidian,0,1,0,0,0,0,0,0,0,,2K26
iBoola,Player,A+,40,0,9,0,0,1,2,14,19,10,14,2,2,127,Team Obsidian,0,1,0,0,0,0,0,0,0,,2K26
TravTheLock,Player,B-,8,1,0,2,0,0,0,3,3,2,2,0,0,127,Team Obsidian,0,1,0,0,0,0,0,0,0,,2K26
Emanuel-tv,Player,B+,10,4,5,1,1,5,1,4,8,2,4,0,0,127,Team Obsidian,0,1,0,0,0,0,0,0,0,,2K26
CrippledGangsta,Player,B,8,8,4,1,0,0,5,4,5,0,0,0,0,127,Team Obsidian,0,1,0,0,0,0,0,0,0,,2K26
TOTAL,Total,B+,77,13,24,4,1,6,14,29,43,17,25,2,2,127,Team Obsidian,0,1,0,0,0,14,24,15,24,,2K26
llxmollyll,Player,A-,17,2,9,0,0,0,6,5,8,3,6,4,4,128,Team Obsidian,1,1,0,0,0,0,0,0,0,,2K26
iBoola,Player,A+,30,0,13,0,0,0,1,10,16,7,10,3,3,128,Team Obsidian,1,1,0,0,0,0,0,0,0,,2K26
TravTheLock,Player,B,15,0,0,3,0,1,0,7,8,1,1,0,0,128,Team Obsidian,1,1,0,0,0,0,0,0,0,,2K26
Emanuel-tv,Player,B+,15,6,3,1,2,4,1,6,6,3,3,0,0,128,Team Obsidian,1,1,0,0,0,0,0,0,0,,2K26
CrippledGangsta,Player,B+,10,11,3,0,0,0,2,5,6,0,0,0,0,128,Team Obsidian,1,1,0,0,0,0,0,0,0,,2K26
TOTAL,Total,A-,87,19,28,4,2,5,10,33,44,14,20,7,7,128,Team Obsidian,1,1,0,0,0,19,25,12,31,,2K26
BlameLocks,Player,A-,16,1,6,0,0,2,3,7,10,2,4,0,0,128,Al Ghul Academy,0,1,0,0,0,0,0,0,0,,2K26
lllNaloo,Player,A,25,0,2,5,0,1,0,10,17,5,8,0,0,128,Al Ghul Academy,0,1,0,0,0,0,0,0,0,,2K26
MrJcabz,Player,C+,5,1,1,1,1,6,1,2,7,1,4,0,0,128,Al Ghul Academy,0,1,0,0,0,0,0,0,0,,2K26
YPFRAS,Player,A-,18,4,6,3,0,1,1,8,13,2,4,0,0,128,Al Ghul Academy,0,1,0,0,0,0,0,0,0,,2K26
MagicIsD1,Player,A-,13,7,6,0,0,0,0,6,9,1,1,0,0,128,Al Ghul Academy,0,1,0,0,0,0,0,0,0,,2K26
TOTAL,Total,B+,77,13,21,9,1,10,5,33,56,11,21,0,0,128,Al Ghul Academy,0,1,0,0,0,19,21,19,18,,2K26
lgymo,Player,A+,32,1,11,3,0,1,1,11,20,9,16,1,1,129,Huskies,1,1,0,0,0,0,0,0,0,,2K26
HuddyBield,Player,A-,20,0,5,0,0,0,0,8,12,4,6,0,0,129,Huskies,1,1,0,0,0,0,0,0,0,,2K26
K-O-B-E-2-K-🧊,Player,B+,15,1,2,2,0,2,0,5,9,5,7,0,0,129,Huskies,1,1,0,0,0,0,0,0,0,,2K26
liLurkedYouI,Player,B-,7,5,1,2,0,1,3,3,3,1,1,0,0,129,Huskies,1,1,0,0,0,0,0,0,0,,2K26
Javalanche,Player,A-,17,13,1,1,0,0,2,7,8,1,2,2,2,129,Huskies,1,1,0,0,0,0,0,0,0,,2K26
TOTAL,Total,A-,91,20,20,8,0,4,6,34,52,20,32,3,3,129,Huskies,1,1,0,0,0,17,16,28,30,,2K26
lIlManu,Player,A,15,1,12,0,0,1,3,6,9,1,3,2,2,129,Lost Generation,0,1,0,0,0,0,0,0,0,,2K26
lIlHurz,Player,B+,10,0,3,1,0,1,1,4,9,2,5,0,0,129,Lost Generation,0,1,0,0,0,0,0,0,0,,2K26
DKtheDon_,Player,B+,18,3,0,0,0,1,2,7,11,4,6,0,0,129,Lost Generation,0,1,0,0,0,0,0,0,0,,2K26
SkeamgamingV,Player,C+,4,1,1,1,0,2,2,2,4,0,1,0,2,129,Lost Generation,0,1,0,0,0,0,0,0,0,,2K26
DynastyOnTop,Player,A,20,10,4,3,1,0,1,10,13,0,3,0,0,129,Lost Generation,0,1,0,0,0,0,0,0,0,,2K26
TOTAL,Total,B+,67,15,20,5,1,5,9,29,46,7,18,2,4,129,Lost Generation,0,1,0,0,0,19,13,13,22,,2K26
lIlManu,Player,A-,12,0,9,0,0,1,2,5,12,2,6,0,0,130,Lost Generation,0,1,0,0,0,0,0,0,0,,2K26
lIlHurz,Player,A-,17,1,3,1,0,1,2,6,11,5,9,0,0,130,Lost Generation,0,1,0,0,0,0,0,0,0,,2K26
DKtheDon_,Player,A-,18,3,1,1,0,4,0,8,12,2,5,0,0,130,Lost Generation,0,1,0,0,0,0,0,0,0,,2K26
SkeamgamingV,Player,A-,5,1,10,2,2,4,1,2,3,1,1,0,0,130,Lost Generation,0,1,0,0,0,0,0,0,0,,2K26
DynastyOnTop,Player,A-,21,17,2,0,0,2,2,10,14,1,1,0,0,130,Lost Generation,0,1,0,0,0,0,0,0,0,,2K26
TOTAL,Total,A-,73,22,25,4,2,12,7,31,52,11,22,0,0,130,Lost Generation,0,1,0,0,0,21,10,21,21,,2K26
Igymo,Player,A,24,1,7,1,0,0,2,6,13,4,9,8,8,130,Huskies,1,1,0,0,0,0,0,0,0,,2K26
HuddyBield,Player,B+,18,0,6,2,0,2,1,7,17,4,12,0,0,130,Huskies,1,1,0,0,0,0,0,0,0,,2K26
K-O-B-E-2-K-🧊,Player,B+,16,2,1,1,1,3,0,5,5,4,4,2,2,130,Huskies,1,1,0,0,0,0,0,0,0,,2K26
liLurkedYoul,Player,B-,3,3,1,1,1,0,0,1,2,1,2,0,0,130,Huskies,1,1,0,0,0,0,0,0,0,,2K26
Javalanche,Player,A-,17,12,1,2,0,1,1,7,11,2,3,1,2,130,Huskies,1,1,0,0,0,0,0,0,0,,2K26
TOTAL,Total,B+,78,18,16,7,2,6,4,26,48,15,30,11,12,130,Huskies,1,1,0,0,0,20,23,16,19,,2K26
RhinoDiMaria,Player,A+,44,0,7,1,0,2,3,13,15,11,12,7,7,131,Huskies,1,1,0,0,0,0,0,0,0,,2K26
Javalanche,Player,B,11,0,3,2,0,1,1,4,7,3,4,0,0,131,Huskies,1,1,0,0,0,0,0,0,0,,2K26
K-O-B-E-2-K-🧊,Player,C+,3,1,0,0,0,2,0,1,4,1,3,0,0,131,Huskies,1,1,0,0,0,0,0,0,0,,2K26
liLurkedYoul,Player,A-,15,2,3,1,0,1,1,5,6,5,6,0,0,131,Huskies,1,1,0,0,0,0,0,0,0,,2K26
GeeLock,Player,B,12,10,4,0,0,2,4,6,7,0,1,0,0,131,Huskies,1,1,0,0,0,0,0,0,0,,2K26
TOTAL,Total,B+,85,13,17,4,0,8,9,29,39,20,26,7,7,131,Huskies,1,1,0,0,0,16,22,21,26,,2K26
vvDabz,Player,A-,18,0,3,3,0,1,2,7,14,4,8,0,0,131,Capitol City Cats,0,1,0,0,0,0,0,0,0,,2K26
GK7 Yoshi,Player,A,31,0,4,0,0,4,0,12,19,7,12,0,0,131,Capitol City Cats,0,1,0,0,0,0,0,0,0,,2K26
Big Clip Ron,Player,B,12,5,7,2,0,3,1,4,8,2,4,2,2,131,Capitol City Cats,0,1,0,0,0,0,0,0,0,,2K26
xiLockDown4FuNx,Player,C+,6,1,2,2,0,1,1,2,4,1,1,1,1,131,Capitol City Cats,0,1,0,0,0,0,0,0,0,,2K26
T2E xLOUx X6,Player,B+,12,11,4,0,0,0,3,5,6,0,1,2,2,131,Capitol City Cats,0,1,0,0,0,0,0,0,0,,2K26
TOTAL,Total,B+,79,17,20,7,0,9,7,30,51,14,26,5,5,131,Capitol City Cats,0,1,0,0,0,18,24,19,18,,2K26
IlHog,Player,A,25,0,9,1,0,1,1,10,16,5,9,0,0,133,Built 4 This,0,1,0,0,0,0,0,0,0,,2K26
IlKyree,Player,A-,25,0,2,2,0,0,2,9,16,7,11,0,0,133,Built 4 This,0,1,0,0,0,0,0,0,0,,2K26
llLoadingll,Player,B-,10,0,0,3,0,1,0,4,4,2,2,0,0,133,Built 4 This,0,1,0,0,0,0,0,0,0,,2K26
IlAndyy,Player,C+,6,1,0,1,0,2,1,2,5,2,3,0,0,133,Built 4 This,0,1,0,0,0,0,0,0,0,,2K26
FreeMePls,Player,A-,13,6,6,1,0,1,1,6,9,1,1,0,0,133,Built 4 This,0,1,0,0,0,0,0,0,0,,2K26
TOTAL,Total,B+,79,7,17,8,0,5,5,31,50,17,26,0,0,133,Built 4 This,0,1,0,0,0,26,15,17,21,,2K26
ThaGap,Player,A,30,0,9,3,0,0,3,11,15,8,10,0,0,133,Public Enemy,1,1,0,0,0,0,0,0,0,,2K26
Pxlo Uncut,Player,A,21,0,6,1,1,0,2,9,10,3,3,0,0,133,Public Enemy,1,1,0,0,0,0,0,0,0,,2K26
Bonefy,Player,B+,16,2,0,0,1,1,0,6,6,4,4,0,0,133,Public Enemy,1,1,0,0,0,0,0,0,0,,2K26
Press x Mud,Player,B,8,4,2,0,2,3,1,3,6,2,4,0,0,133,Public Enemy,1,1,0,0,0,0,0,0,0,,2K26
hankgbit,Player,B+,11,8,3,0,1,0,3,5,5,0,0,1,1,133,Public Enemy,1,1,0,0,0,0,0,0,0,,2K26
TOTAL,Total,A-,86,14,20,4,5,4,9,34,42,17,21,1,1,133,Public Enemy,1,1,0,0,0,24,28,12,22,,2K26
,Player,A,,,,,,,,,,,,,,134,Built 4 This,1,1,,,,,,,,,2K26
,Player,A-,,,,,,,,,,,,,,134,Built 4 This,1,1,,,,,,,,,2K26
,Player,B-,,,,,,,,,,,,,,134,Built 4 This,1,1,,,,,,,,,2K26
,Player,C+,,,,,,,,,,,,,,134,Built 4 This,1,1,,,,,,,,,2K26
,Player,A-,,,,,,,,,,,,,,134,Built 4 This,1,1,,,,,,,,,2K26
TOTAL,Total,B+,,,,,,,,,,,,,,134,Built 4 This,1,1,,,,,,,,,2K26
,Player,A,,,,,,,,,,,,,,134,Built 4 This,1,1,,,,,,,,,2K26
,Player,A,,,,,,,,,,,,,,134,Built 4 This,1,1,,,,,,,,,2K26
,Player,B+,,,,,,,,,,,,,,134,Public Enemy,0,1,,,,,,,,,2K26
,Player,B,,,,,,,,,,,,,,134,Public Enemy,0,1,,,,,,,,,2K26
,Player,B+,,,,,,,,,,,,,,134,Public Enemy,0,1,,,,,,,,,2K26
TOTAL,Total,A-,,,,,,,,,,,,,,134,Public Enemy,0,1,,,,,,,,,2K26
TOTAL,,,,,,,,,,,,,,,,134,Public Enemy,0,1,,,,,,,,,2K26
TOTAL,,,,,,,,,,,,,,,,134,Public Enemy,0,1,,,,,,,,,2K26
IIKyree,Player,A,26,0,10,2,0,0,4,9,18,8,16,0,1,135,Built 4 This,1,1,0,0,0,0,0,0,0,,2K26
IIAndyy,Player,A,38,0,4,0,0,0,1,14,23,10,16,0,0,135,Built 4 This,1,1,0,0,0,0,0,0,0,,2K26
IILoadingII,Player,A-,10,3,4,2,0,3,0,4,4,2,2,0,0,135,Built 4 This,1,1,0,0,0,0,0,0,0,,2K26
Boxouhh,Player,B-,0,6,3,0,1,2,0,0,1,0,1,0,0,135,Built 4 This,1,1,0,0,0,0,0,0,0,,2K26
FreeMePls,Player,A,17,14,6,1,2,0,1,8,9,1,2,0,0,135,Built 4 This,1,1,0,0,0,0,0,0,0,,2K26
TOTAL,Total,A-,91,23,27,5,3,5,6,35,55,21,37,0,1,135,Built 4 This,1,1,0,0,0,24,20,21,26,,2K26
GK7 Yoshi,Player,A-,16,0,13,0,0,0,2,4,14,2,10,6,6,135,Capitol City Cats,0,1,0,0,0,0,0,0,0,,2K26
vvDabz,Player,B+,19,0,1,2,0,0,1,7,14,5,11,0,0,135,Capitol City Cats,0,1,0,0,0,0,0,0,0,,2K26
xiLockDown4FUNx,Player,A-,20,0,0,2,1,1,0,7,10,6,8,0,0,135,Capitol City Cats,0,1,0,0,0,0,0,0,0,,2K26
APxKROHM,Player,B-,4,3,3,0,0,1,0,2,3,0,1,0,0,135,Capitol City Cats,0,1,0,0,0,0,0,0,0,,2K26
T2E xLOuxX6,Player,A-,18,16,4,0,0,1,2,9,13,0,1,0,0,135,Capitol City Cats,0,1,0,0,0,0,0,0,0,,2K26
TOTAL,Total,B+,77,19,21,4,1,3,5,29,54,13,31,6,6,135,Capitol City Cats,0,1,0,0,0,18,22,9,28,,2K26
LogoLarry,Player,A+,32,2,13,0,0,2,4,12,15,8,10,0,0,136,Capitol City Cats,1,1,0,0,0,0,0,0,0,,2K26
vvDabz,Player,B+,23,0,0,0,0,2,1,9,12,5,8,0,0,136,Capitol City Cats,1,1,0,0,0,0,0,0,0,,2K26
GK7 Yoshi,Player,A-,18,0,5,0,0,5,0,6,10,6,9,0,0,136,Capitol City Cats,1,1,0,0,0,0,0,0,0,,2K26
APxKROHM,Player,B,7,5,1,0,0,2,1,3,6,1,4,0,0,136,Capitol City Cats,1,1,0,0,0,0,0,0,0,,2K26
T2E xLOUx X6,Player,A-,12,12,2,0,0,0,0,6,7,0,1,0,0,136,Capitol City Cats,1,1,0,0,0,0,0,0,0,,2K26
TOTAL,Total,A-,92,19,21,5,0,11,6,36,50,20,32,0,0,136,Capitol City Cats,1,1,0,0,0,19,24,22,27,,2K26
IIKyree,Player,B+,29,1,7,1,0,0,6,10,18,9,15,0,0,136,Built 4 This,0,1,0,0,0,0,0,0,0,,2K26
IIAndyy,Player,A-,17,0,5,0,0,0,0,5,9,2,6,5,5,136,Built 4 This,0,1,0,0,0,0,0,0,0,,2K26
llLoadingll,Player,B,10,0,0,3,0,1,0,4,7,2,5,0,0,136,Built 4 This,0,1,0,0,0,0,0,0,0,,2K26
Boxouhh,Player,B,6,3,2,1,1,1,0,2,2,2,2,0,0,136,Built 4 This,0,1,0,0,0,0,0,0,0,,2K26
FreeMePls,Player,B+,10,5,2,0,0,1,0,4,6,1,2,1,2,136,Built 4 This,0,1,0,0,0,0,0,0,0,,2K26
TOTAL,Total,B+,72,9,16,5,1,3,6,25,42,16,30,6,7,136,Built 4 This,0,1,0,0,0,20,13,13,26,,2K26
Ilxmollyll,Player,A-,20,5,5,0,0,0,1,7,11,6,10,0,0,137,Team Obsidian,1,1,0,0,0,0,0,0,0,,2K26
iBoola,Player,A+,51,1,9,0,1,0,1,19,24,11,16,2,2,137,Team Obsidian,1,1,0,0,0,0,0,0,0,,2K26
TravTheLock,Player,B-,12,0,0,2,0,0,0,5,7,2,2,0,0,137,Team Obsidian,1,1,0,0,0,0,0,0,0,,2K26
WhoLahGain,Player,B-,3,5,0,0,0,2,0,1,3,1,2,0,0,137,Team Obsidian,1,1,0,0,0,0,0,0,0,,2K26
CrippledGangsta,Player,A,8,14,8,1,1,0,0,4,6,0,2,0,0,137,Team Obsidian,1,1,0,0,0,0,0,0,0,,2K26
TOTAL,Total,A-,94,25,27,3,2,2,2,36,51,20,32,2,2,137,Team Obsidian,1,1,0,0,0,25,28,18,23,,2K26
IllKari,Player,A+,20,0,11,0,0,0,0,7,13,6,12,0,0,137,La Familia,0,1,0,0,0,0,0,0,0,,2K26
luv smuds,Player,C-,6,0,9,0,0,2,0,2,9,2,7,0,0,137,La Familia,0,1,0,0,0,0,0,0,0,,2K26
fitzy1919,Player,B-,8,0,0,1,0,0,1,3,3,2,2,0,0,137,La Familia,0,1,0,0,0,0,0,0,0,,2K26
Jujubuckss,Player,B+,18,2,2,0,0,2,1,7,13,4,6,0,0,137,La Familia,0,1,0,0,0,0,0,0,0,,2K26
TheDynamicWolf,Player,A,22,13,5,1,0,1,1,11,13,0,1,0,0,137,La Familia,0,1,0,0,0,0,0,0,0,,2K26
TOTAL,Total,B+,74,15,27,2,0,5,3,30,51,14,28,0,0,137,La Familia,0,1,0,0,0,20,13,24,17,,2K26
luv smuds,Player,B+,12,0,9,0,0,0,6,4,9,3,6,1,1,138,La Familia,0,1,0,0,0,0,0,0,0,,2K26
lexi Hull,Player,B,6,0,3,0,0,1,0,3,6,0,3,0,0,138,La Familia,0,1,0,0,0,0,0,0,0,,2K26
fitzy1919,Player,B+,11,0,1,0,0,1,0,5,5,1,1,0,0,138,La Familia,0,1,0,0,0,0,0,0,0,,2K26
Jujubuckss,Player,A-,22,8,3,2,1,0,1,10,17,2,5,0,0,138,La Familia,0,1,0,0,0,0,0,0,0,,2K26
TheDynamicWolf,Player,A-,15,10,2,0,0,2,0,7,9,1,2,0,0,138,La Familia,0,1,0,0,0,0,0,0,0,,2K26
TOTAL,Total,B+,66,18,18,2,1,4,7,29,46,7,17,1,1,138,La Familia,0,1,0,0,0,18,14,21,13,,2K26
Ilxmollyll,Player,A-,4,0,8,0,0,0,1,1,6,0,1,2,2,138,Team Obsidian,1,1,0,0,0,0,0,0,0,,2K26
iBoola,Player,A,21,0,9,0,0,0,1,8,11,5,6,0,0,138,Team Obsidian,1,1,0,0,0,0,0,0,0,,2K26
TravTheLock,Player,B+,13,0,1,2,0,0,0,6,6,1,1,0,0,138,Team Obsidian,1,1,0,0,0,0,0,0,0,,2K26
WhoLahGain,Player,B-,12,1,3,4,0,2,0,6,9,0,2,0,0,138,Team Obsidian,1,1,0,0,0,0,0,0,0,,2K26
CrippledGangsta,Player,A-,21,9,3,0,1,0,1,10,12,1,1,0,0,138,Team Obsidian,1,1,0,0,0,0,0,0,0,,2K26
TOTAL,Total,B+,71,10,24,6,1,2,4,31,44,7,11,2,2,138,Team Obsidian,1,1,0,0,0,13,19,16,23,,2K26
MyOllies,Player,A,17,1,10,1,0,1,2,6,11,5,9,0,0,139,Krashout,0,1,0,0,0,0,0,0,0,,2K26
Paint-Defender,Player,B+,6,0,6,1,0,2,0,3,9,0,6,0,0,139,Krashout,0,1,0,0,0,0,0,0,0,,2K26
Crunch tuff,Player,B+,18,2,1,0,0,6,1,7,8,4,5,0,0,139,Krashout,0,1,0,0,0,0,0,0,0,,2K26
JerryRiced,Player,B,13,4,1,0,0,2,1,5,12,3,6,0,0,139,Krashout,0,1,0,0,0,0,0,0,0,,2K26
II WHEEL II,Player,A-,15,14,4,0,0,1,3,7,9,1,3,0,0,139,Krashout,0,1,0,0,0,0,0,0,0,,2K26
TOTAL,Total,A-,69,21,22,2,0,12,7,28,49,13,29,0,0,139,Krashout,0,1,0,0,0,16,18,9,26,,2K26
GK7 Yoshi,Player,A+,42,0,5,2,0,0,0,14,21,9,15,5,5,139,Capitol City Cats,1,1,0,0,0,0,0,0,0,,2K26
Big Clip Ron,Player,A,24,1,7,3,0,0,1,9,14,5,7,1,1,139,Capitol City Cats,1,1,0,0,0,0,0,0,0,,2K26
TTVLoGross04755,Player,B,6,3,1,0,0,0,0,2,2,2,2,0,0,139,Capitol City Cats,1,1,0,0,0,0,0,0,0,,2K26
xiLockDown4FUNx,Player,B+,7,1,3,2,0,0,0,3,5,1,2,0,0,139,Capitol City Cats,1,1,0,0,0,0,0,0,0,,2K26
T2E xLOUx X6,Player,B+,5,11,6,0,2,0,1,2,5,0,1,1,2,139,Capitol City Cats,1,1,0,0,0,0,0,0,0,,2K26
TOTAL,Total,A-,84,16,22,7,2,0,2,30,47,17,27,7,8,139,Capitol City Cats,1,1,0,0,0,14,14,27,29,,2K26
MyOllies,Player,A,17,1,10,1,0,1,2,6,11,5,9,0,0,140,Krashout,1,1,0,0,0,0,0,0,0,,2K26
Paint-Defender,Player,B+,6,0,6,1,0,2,0,3,9,0,6,0,0,140,Krashout,1,1,0,0,0,0,0,0,0,,2K26
Crunch tuff,Player,B+,18,2,1,0,0,6,1,7,8,4,5,0,0,140,Krashout,1,1,0,0,0,0,0,0,0,,2K26
JerryRiced,Player,B,13,4,1,0,0,2,1,5,12,3,6,0,0,140,Krashout,1,1,0,0,0,0,0,0,0,,2K26
II WHEEL II,Player,A-,15,14,4,0,0,1,3,7,9,1,3,0,0,140,Krashout,1,1,0,0,0,0,0,0,0,,2K26
TOTAL,Total,A-,69,21,22,2,0,12,7,28,49,13,29,0,0,140,Krashout,1,1,0,0,0,16,18,9,26,,2K26
GK7 Yoshi,Player,A+,42,0,5,2,0,0,0,14,21,9,15,5,5,140,Capitol City Cats,0,1,0,0,0,0,0,0,0,,2K26
Big Clip Ron,Player,A,24,1,7,3,0,0,1,9,14,5,7,1,1,140,Capitol City Cats,0,1,0,0,0,0,0,0,0,,2K26
TTVLoGross04755,Player,B,6,3,1,0,0,0,0,2,2,2,2,0,0,140,Capitol City Cats,0,1,0,0,0,0,0,0,0,,2K26
xiLockDown4FUNx,Player,B+,7,1,3,2,0,0,0,3,5,1,2,0,0,140,Capitol City Cats,0,1,0,0,0,0,0,0,0,,2K26
T2E xLOUx X6,Player,B+,5,11,6,0,2,0,1,2,5,0,1,1,2,140,Capitol City Cats,0,1,0,0,0,0,0,0,0,,2K26
TOTAL,Total,A-,84,16,22,7,2,0,2,30,47,17,27,7,8,140,Capitol City Cats,0,1,0,0,0,14,14,27,29,,2K26
,Player,A+,,,,,,,,,,,,,,141,Public Enemy,1,1,,,,,,,,,2K26
,Player,A,,,,,,,,,,,,,,141,Public Enemy,1,1,,,,,,,,,2K26
,Player,B,,,,,,,,,,,,,,141,Public Enemy,1,1,,,,,,,,,2K26
,Player,B+,,,,,,,,,,,,,,141,Public Enemy,1,1,,,,,,,,,2K26
,Player,B+,,,,,,,,,,,,,,141,Public Enemy,1,1,,,,,,,,,2K26
TOTAL,Total,A-,,,,,,,,,,,,,,141,Public Enemy,1,1,,,,,,,,,2K26
,Player,,,,,,,,,,,,,,,141,Huskies,0,1,,,,,,,,,2K26
,Player,,,,,,,,,,,,,,,141,Huskies,0,1,,,,,,,,,2K26
,Player,,,,,,,,,,,,,,,141,Huskies,0,1,,,,,,,,,2K26
,Player,,,,,,,,,,,,,,,141,Huskies,0,1,,,,,,,,,2K26
,Player,,,,,,,,,,,,,,,141,Huskies,0,1,,,,,,,,,2K26
TOTAL,Total,A-,,,,,,,,,,,,,,141,Huskies,0,1,,,,,,,,,2K26
,Player,A+,,,,,,,,,,,,,,142,Public Enemy,0,1,,,,,,,,,2K26
,Player,A,,,,,,,,,,,,,,142,Public Enemy,0,1,,,,,,,,,2K26
,Player,B,,,,,,,,,,,,,,142,Public Enemy,0,1,,,,,,,,,2K26
,Player,B+,,,,,,,,,,,,,,142,Public Enemy,0,1,,,,,,,,,2K26
,Player,B+,,,,,,,,,,,,,,142,Public Enemy,0,1,,,,,,,,,2K26
TOTAL,Total,A-,,,,,,,,,,,,,,142,Public Enemy,0,1,,,,,,,,,2K26
,Player,A,,,,,,,,,,,,,,142,Huskies,1,1,,,,,,,,,2K26
,Player,B+,,,,,,,,,,,,,,142,Huskies,1,1,,,,,,,,,2K26
,Player,B+,,,,,,,,,,,,,,142,Huskies,1,1,,,,,,,,,2K26
,Player,B,,,,,,,,,,,,,,142,Huskies,1,1,,,,,,,,,2K26
,Player,A-,,,,,,,,,,,,,,142,Huskies,1,1,,,,,,,,,2K26
TOTAL,Total,A-,,,,,,,,,,,,,,142,Huskies,1,1,,,,,,,,,2K26
ThaGap,Player,A+,32,1,6,0,0,0,0,12,19,8,12,0,0,143,Public Enemy,1,1,,,,,,,,,2K26
Pxlo Uncut,Player,A-,25,0,0,2,0,0,0,9,16,5,11,2,2,143,Public Enemy,1,1,,,,,,,,,2K26
Bonefy,Player,C-,3,0,1,3,0,1,1,1,1,1,1,0,0,143,Public Enemy,1,1,,,,,,,,,2K26
Press x Mud,Player,B-,8,4,3,0,0,3,0,3,5,2,3,0,0,143,Public Enemy,1,1,,,,,,,,,2K26
hankgbit,Player,B,8,11,4,0,0,0,3,4,4,0,0,0,0,143,Public Enemy,1,1,,,,,,,,,2K26
TOTAL,Total,B,76,16,14,5,0,4,4,29,45,16,27,2,2,143,Public Enemy,1,1,,,,,,,,,2K26
IllManu,Player,A,21,0,7,0,0,0,2,8,15,5,12,0,0,143,Lost Generation,0,1,,,,,,,,,2K26
IIHopeMikaelson,Player,B+,13,1,4,0,0,0,1,4,9,3,5,2,3,143,Lost Generation,0,1,,,,,,,,,2K26
DKtheDon_,Player,B,11,1,1,0,0,2,1,4,6,3,4,0,0,143,Lost Generation,0,1,,,,,,,,,2K26
SkeamgamingV,Player,A-,10,4,5,2,0,1,0,4,9,2,3,0,0,143,Lost Generation,0,1,,,,,,,,,2K26
DynastyOnTop,Player,A,15,14,5,2,1,0,4,7,9,1,2,0,0,143,Lost Generation,0,1,,,,,,,,,2K26
TOTAL,Total,A-,70,20,22,4,1,3,8,27,48,14,26,2,3,143,Lost Generation,0,1,,,,,,,,,2K26
,Player,,,,,,,,,,,,,,,144,Public Enemy,0,1,,,,,,,,,2K26
,Player,,,,,,,,,,,,,,,144,Public Enemy,0,1,,,,,,,,,2K26
,Player,,,,,,,,,,,,,,,144,Public Enemy,0,1,,,,,,,,,2K26
,Player,,,,,,,,,,,,,,,144,Public Enemy,0,1,,,,,,,,,2K26
,Player,,,,,,,,,,,,,,,144,Public Enemy,0,1,,,,,,,,,2K26
TOTAL,Total,,,,,,,,,,,,,,,144,Public Enemy,0,1,,,,,,,,,2K26
,Player,,,,,,,,,,,,,,,144,Lost Generation,1,1,,,,,,,,,2K26
,Player,,,,,,,,,,,,,,,144,Lost Generation,1,1,,,,,,,,,2K26
,Player,,,,,,,,,,,,,,,144,Lost Generation,1,1,,,,,,,,,2K26
,Player,,,,,,,,,,,,,,,144,Lost Generation,1,1,,,,,,,,,2K26
,Player,,,,,,,,,,,,,,,144,Lost Generation,1,1,,,,,,,,,2K26
TOTAL,Total,,,,,,,,,,,,,,,144,Lost Generation,1,1,,,,,,,,,2K26
IITrifecta,Player,A-,25,0,11,2,0,0,2,9,13,3,7,4,4,145,Krashout,1,1,,,,,,,,,2K26
MyOllies,Player,B,17,0,2,0,0,0,0,6,10,5,8,0,0,145,Krashout,1,1,,,,,,,,,2K26
Paint-Defender,Player,B-,8,1,0,0,0,0,0,3,3,2,2,0,0,145,Krashout,1,1,,,,,,,,,2K26
JerryRiced,Player,C-,0,2,1,0,1,4,0,0,1,0,0,0,0,145,Krashout,1,1,,,,,,,,,2K26
II WHEEL II,Player,A-,14,10,4,0,0,0,2,7,9,0,2,0,0,145,Krashout,1,1,,,,,,,,,2K26
TOTAL,Total,B,64,13,18,2,1,4,4,25,36,10,19,4,4,145,Krashout,1,1,,,,,,,,,2K26
IllKari,Player,B+,18,0,11,0,0,2,1,7,13,3,8,1,1,145,La Familia,0,1,,,,,,,,,2K26
Gods Flaw,Player,C+,5,0,2,1,0,0,0,2,6,1,2,0,0,145,La Familia,0,1,,,,,,,,,2K26
Sohtoxxic,Player,B-,18,2,0,1,0,2,0,7,9,4,4,0,0,145,La Familia,0,1,,,,,,,,,2K26
Jujubuckss,Player,C+,9,2,0,2,0,3,1,4,9,1,3,0,0,145,La Familia,0,1,,,,,,,,,2K26
TheDynamicWolf,Player,B+,13,10,2,0,0,1,1,5,6,3,4,0,0,145,La Familia,0,1,,,,,,,,,2K26
TOTAL,Total,B-,63,14,15,4,0,8,3,25,43,12,21,1,1,145,La Familia,0,1,,,,,,,,,2K26
TBucx4L,Player,A-,27,2,3,0,0,1,2,10,13,5,7,2,2,147,Lost Generation,1,1,0,0,0,0,0,0,0,,2K26
J-Kvino,Player,A,18,0,8,0,0,2,1,6,10,4,7,2,2,147,Lost Generation,1,1,0,0,0,0,0,0,0,,2K26
OJCASSO2K,Player,C+,7,0,0,3,0,4,1,3,3,1,1,0,0,147,Lost Generation,1,1,0,0,0,0,0,0,0,,2K26
scottiepimpenn3,Player,C+,5,0,2,1,0,2,1,2,4,1,3,0,0,147,Lost Generation,1,1,0,0,0,0,0,0,0,,2K26
Oldman_tommy,Player,B+,10,6,2,2,0,0,1,5,9,0,2,0,0,147,Lost Generation,1,1,0,0,0,0,0,0,0,,2K26
TOTAL,Total,B,67,8,15,6,0,9,6,26,39,11,20,4,4,147,Lost Generation,1,1,0,0,0,15,18,19,15,,2K26
IllManu,Player,A,32,2,8,2,0,2,3,10,14,9,10,3,3,147,Obsidian Legacy,0,1,0,0,0,0,0,0,0,,2K26
llHurz,Player,A-,19,0,4,0,0,0,0,8,12,1,4,2,3,147,Obsidian Legacy,0,1,0,0,0,0,0,0,0,,2K26
DKtheDon_,Player,B-,12,1,0,1,0,2,1,5,6,2,3,0,0,147,Obsidian Legacy,0,1,0,0,0,0,0,0,0,,2K26
SkeamgamingV,Player,B+,0,2,3,2,0,0,1,0,1,0,1,0,0,147,Obsidian Legacy,0,1,0,0,0,0,0,0,0,,2K26
DynastyOnTop,Player,A-,17,10,4,1,0,0,1,8,10,1,2,0,0,147,Obsidian Legacy,0,1,0,0,0,0,0,0,0,,2K26
TOTAL,Total,A-,80,15,19,6,0,4,6,31,43,13,20,5,6,147,Obsidian Legacy,0,1,0,0,0,24,16,16,24,,2K26
lllManu,Player,A-,17,1,7,0,0,0,4,5,11,5,11,2,2,148,Lost Generation,1,1,0,0,0,0,0,0,0,,2K26
IlHurz,Player,B,12,0,3,0,0,0,0,5,12,2,4,0,0,148,Lost Generation,1,1,0,0,0,0,0,0,0,,2K26
DKtheDon_,Player,C+,8,1,0,0,0,0,0,3,4,2,2,0,0,148,Lost Generation,1,1,0,0,0,0,0,0,0,,2K26
SkeamgamingV,Player,B-,9,3,1,2,0,1,1,4,8,1,4,0,0,148,Lost Generation,1,1,0,0,0,0,0,0,0,,2K26
DynastyOnTop,Player,A+,22,15,10,3,0,2,0,11,13,0,0,0,0,148,Lost Generation,1,1,0,0,0,0,0,0,0,,2K26
TOTAL,Total,B+,68,20,21,5,0,3,6,28,48,10,21,2,2,148,Lost Generation,1,1,0,0,0,20,20,13,15,,2K26
TBucx4L,Player,A-,27,1,5,1,0,2,1,12,17,3,7,0,0,148,Obsidian Legacy,0,1,0,0,0,0,0,0,0,,2K26
J-Kvino,Player,A-,10,0,7,0,0,0,0,4,8,2,3,0,0,148,Obsidian Legacy,0,1,0,0,0,0,0,0,0,,2K26
Iamtrell--,Player,B,8,1,1,0,0,3,2,3,5,2,3,0,0,148,Obsidian Legacy,0,1,0,0,0,0,0,0,0,,2K26
scottiepimpenn3,Player,C+,3,0,2,2,0,2,1,1,2,1,2,0,0,148,Obsidian Legacy,0,1,0,0,0,0,0,0,0,,2K26
OIdman_tommy,Player,A-,18,11,3,2,0,0,3,8,10,0,0,2,2,148,Obsidian Legacy,0,1,0,0,0,0,0,0,0,,2K26
TOTAL,Total,B+,66,13,18,5,0,7,7,28,42,8,15,2,2,148,Obsidian Legacy,0,1,0,0,0,21,16,14,15,,2K26
luv smuds,Player,C-,4,1,9,0,0,1,7,1,4,1,4,1,1,149,La Familia,1,1,0,0,0,0,0,0,0,,2K26
vFrontFades,Player,A,22,0,8,1,0,1,1,8,11,6,8,0,0,149,La Familia,1,1,0,0,0,0,0,0,0,,2K26
RSM Hendrix,Player,B,11,0,1,1,0,1,0,4,6,2,3,1,2,149,La Familia,1,1,0,0,0,0,0,0,0,,2K26
Jujubuckss,Player,A-,20,1,4,3,0,1,0,8,10,4,5,0,0,149,La Familia,1,1,0,0,0,0,0,0,0,,2K26
cardinalfive,Player,A-,22,11,5,1,0,2,1,11,12,0,0,0,0,149,La Familia,1,1,0,0,0,0,0,0,0,,2K26
TOTAL,Total,B+,79,13,27,6,0,6,9,32,43,13,20,2,3,149,La Familia,1,1,0,0,0,18,17,23,21,,2K26
Precision Kill,Player,A,32,1,8,0,0,1,4,11,18,7,14,3,3,149,Huskies,0,1,0,0,0,0,0,0,0,,2K26
uuh7,Player,A-,12,0,6,2,0,0,1,5,10,2,6,0,0,149,Huskies,0,1,0,0,0,0,0,0,0,,2K26
xKenuh,Player,B,9,0,1,5,0,2,0,4,6,1,3,0,0,149,Huskies,0,1,0,0,0,0,0,0,0,,2K26
K-O-B-E-2-K-🧊,Player,A-,16,1,1,1,0,0,0,7,9,2,4,0,0,149,Huskies,0,1,0,0,0,0,0,0,0,,2K26
GeeLock,Player,A-,8,11,4,0,0,1,1,4,5,0,1,0,0,149,Huskies,0,1,0,0,0,0,0,0,0,,2K26
TOTAL,Total,A-,77,13,20,8,0,4,6,31,48,12,28,3,3,149,Huskies,0,1,0,0,0,19,21,21,16,,2K26
Precision Kill,Player,A+,34,1,11,1,0,0,1,10,16,9,13,5,5,150,Huskies,1,1,0,0,0,0,0,0,0,,2K26
uuh7,Player,A-,16,0,5,1,0,0,0,6,9,4,7,0,0,150,Huskies,1,1,0,0,0,0,0,0,0,,2K26
K-O-B-E-2-K-🧊,Player,C+,4,2,0,1,0,3,0,2,5,0,0,0,0,150,Huskies,1,1,0,0,0,0,0,0,0,,2K26
Javalanche,Player,A,31,3,0,2,0,0,0,12,14,7,9,0,0,150,Huskies,1,1,0,0,0,0,0,0,0,,2K26
HuddyBield,Player,B,4,8,2,1,1,1,1,2,4,0,2,0,0,150,Huskies,1,1,0,0,0,0,0,0,0,,2K26
TOTAL,Total,B+,89,14,18,6,1,4,2,32,48,20,31,5,5,150,Huskies,1,1,0,0,0,27,19,17,26,,2K26
lllKari,Player,B-,5,0,8,0,0,0,3,2,8,1,7,0,0,150,La Familia,0,1,0,0,0,0,0,0,0,,2K26
vFrontFades,Player,A-,23,0,4,0,0,1,0,9,14,5,8,0,0,150,La Familia,0,1,0,0,0,0,0,0,0,,2K26
RSM Hendrix,Player,B+,13,0,2,0,0,4,0,5,6,3,4,0,0,150,La Familia,0,1,0,0,0,0,0,0,0,,2K26
Jujubuckss,Player,A-,20,6,4,2,0,2,2,8,12,4,6,0,0,150,La Familia,0,1,0,0,0,0,0,0,0,,2K26
cardinalfive,Player,A-,13,13,6,0,0,2,1,6,8,1,2,0,0,150,La Familia,0,1,0,0,0,0,0,0,0,,2K26
TOTAL,Total,B+,74,19,24,2,0,9,6,30,48,14,27,0,0,150,La Familia,0,1,0,0,0,16,19,18,21,,2K26
uuh7,Player,A,26,1,8,0,0,0,2,10,17,6,11,0,0,151,Huskies,1,1,0,0,0,0,0,0,0,,2K26
HuddyBield,Player,A,28,2,10,0,0,1,0,11,18,6,12,0,0,151,Huskies,1,1,0,0,0,0,0,0,0,,2K26
K-O-B-E-2-K-🧊,Player,A-,25,0,0,1,1,1,1,10,11,5,6,0,0,151,Huskies,1,1,0,0,0,0,0,0,0,,2K26
Javalanche,Player,A-,8,6,2,1,0,2,0,3,4,2,2,0,0,151,Huskies,1,1,0,0,0,0,0,0,0,,2K26
JulesBeHonestt,Player,A,7,11,6,1,0,0,0,3,3,1,1,0,0,151,Huskies,1,1,0,0,0,0,0,0,0,,2K26
TOTAL,Total,A-,94,20,26,3,1,4,3,37,53,20,32,0,0,151,Huskies,1,1,0,0,0,28,21,12,33,,2K26
llxmollyll,Player,A-,7,0,8,0,0,0,1,3,9,1,7,0,0,151,Team Obsidian,0,1,0,0,0,0,0,0,0,,2K26
iBoola,Player,A,33,1,7,1,0,0,1,12,23,9,18,0,0,151,Team Obsidian,0,1,0,0,0,0,0,0,0,,2K26
TravTheLock,Player,B,10,0,1,1,0,4,0,4,5,2,3,0,0,151,Team Obsidian,0,1,0,0,0,0,0,0,0,,2K26
WhoLahGain,Player,B,12,7,0,1,0,0,1,5,7,2,3,0,0,151,Team Obsidian,0,1,0,0,0,0,0,0,0,,2K26
CrippledGangsta,Player,A-,15,10,9,0,0,0,1,7,9,1,1,0,0,151,Team Obsidian,0,1,0,0,0,0,0,0,0,,2K26
TOTAL,Total,B+,77,18,25,3,0,4,4,31,53,15,32,0,0,151,Team Obsidian,0,1,0,0,0,23,20,15,19,,2K26
llxmollyll,Player,A,31,0,7,0,0,1,0,13,20,5,9,0,0,152,Team Obsidian,1,1,0,0,0,0,0,0,0,,2K26
iBoola,Player,A-,21,0,4,0,0,0,0,8,12,5,9,0,0,152,Team Obsidian,1,1,0,0,0,0,0,0,0,,2K26
TravTheLock,Player,B,9,0,0,2,0,3,1,3,6,3,6,0,0,152,Team Obsidian,1,1,0,0,0,0,0,0,0,,2K26
WhoLahGain,Player,B+,11,4,2,2,0,2,0,4,5,3,4,0,0,152,Team Obsidian,1,1,0,0,0,0,0,0,0,,2K26
CrippledGangsta,Player,A-,15,18,5,0,0,0,3,5,8,0,0,5,5,152,Team Obsidian,1,1,0,0,0,0,0,0,0,,2K26
TOTAL,Total,A-,87,22,18,4,0,6,4,33,51,16,28,5,5,152,Team Obsidian,1,1,0,0,0,20,19,20,28,,2K26
uuh7,Player,A,14,0,9,0,0,1,0,5,11,4,9,0,0,152,Huskies,0,1,0,0,0,0,0,0,0,,2K26
HuddyBield,Player,B+,21,0,3,2,0,1,4,8,13,3,8,2,2,152,Huskies,0,1,0,0,0,0,0,0,0,,2K26
K-O-B-E-2-K-🧊,Player,C+,13,0,0,0,0,5,0,5,8,3,6,0,0,152,Huskies,0,1,0,0,0,0,0,0,0,,2K26
Javalanche,Player,B,18,1,0,1,0,5,0,7,8,4,4,0,0,152,Huskies,0,1,0,0,0,0,0,0,0,,2K26
JulesBeHonestt,Player,A-,6,10,11,1,0,0,2,2,3,0,0,2,2,152,Huskies,0,1,0,0,0,0,0,0,0,,2K26
TOTAL,Total,B+,72,11,23,4,0,12,6,27,43,14,27,4,4,152,Huskies,0,1,0,0,0,16,17,23,16,,2K26
Trifecta,Player,B+,19,0,9,2,0,5,2,7,17,5,13,0,0,153,Krashout,0,1,0,0,0,0,0,0,0,,2K26
Paint-Defender,Player,A-,19,1,4,0,0,4,0,7,10,5,8,0,0,153,Krashout,0,1,0,0,0,0,0,0,0,,2K26
Crunch tuff,Player,B,13,3,1,1,0,1,1,5,10,3,7,0,0,153,Krashout,0,1,0,0,0,0,0,0,0,,2K26
JerryRiced,Player,A-,6,3,3,2,0,0,0,3,7,0,4,0,0,153,Krashout,0,1,0,0,0,0,0,0,0,,2K26
II WHEEL II,Player,A-,21,13,7,0,0,4,3,10,15,1,2,0,0,153,Krashout,0,1,0,0,0,0,0,0,0,,2K26
TOTAL,Total,A-,78,20,24,5,0,14,7,32,59,14,34,0,0,153,Krashout,0,1,0,0,0,17,19,15,27,,2K26
llxmollyll,Player,A-,16,0,5,1,0,1,3,5,10,4,6,2,2,153,Team Obsidian,1,1,0,0,0,0,0,0,0,,2K26
iBoola,Player,A+,48,1,7,0,0,0,2,16,22,13,18,3,3,153,Team Obsidian,1,1,0,0,0,0,0,0,0,,2K26
TravTheLock,Player,B+,13,2,3,3,0,1,0,5,10,2,5,1,2,153,Team Obsidian,1,1,0,0,0,0,0,0,0,,2K26
WhoLahGain,Player,C,14,4,1,0,2,5,0,5,8,2,4,2,2,153,Team Obsidian,1,1,0,0,0,0,0,0,0,,2K26
CrippledGangsta,Player,A,6,18,8,2,0,0,1,2,3,0,1,2,2,153,Team Obsidian,1,1,0,0,0,0,0,0,0,,2K26
TOTAL,Total,B+,97,25,24,6,2,7,6,33,53,21,34,10,11,153,Team Obsidian,1,1,0,0,0,14,21,30,32,,2K26
Ilxmollyll,Player,A-,16,1,9,0,1,0,6,6,11,4,9,0,0,154,Team Obsidian,0,1,0,0,0,0,0,0,0,,2K26
iBoola,Player,A-,26,0,4,2,0,1,3,10,14,6,6,0,0,154,Team Obsidian,0,1,0,0,0,0,0,0,0,,2K26
TravTheLock,Player,B,6,0,1,3,0,0,0,3,6,0,1,0,0,154,Team Obsidian,0,1,0,0,0,0,0,0,0,,2K26
WhoLahGain,Player,D+,8,5,3,2,0,2,0,3,7,2,5,0,0,154,Team Obsidian,0,1,0,0,0,0,0,0,0,,2K26
CrippledGangsta,Player,B+,14,6,6,1,1,0,4,7,7,0,0,0,0,154,Team Obsidian,0,1,0,0,0,0,0,0,0,,2K26
TOTAL,Total,B,70,12,23,8,2,3,13,29,45,12,21,0,0,154,Team Obsidian,0,1,0,0,0,18,19,17,16,,2K26
Trifecta,Player,A,26,1,12,4,0,2,3,10,16,6,12,0,0,154,Krashout,1,1,0,0,0,0,0,0,0,,2K26
Paint-Defender,Player,B+,14,0,0,1,0,0,0,5,9,4,7,0,0,154,Krashout,1,1,0,0,0,0,0,0,0,,2K26
Crunch tuff,Player,B+,13,0,3,5,0,4,1,6,11,1,4,0,0,154,Krashout,1,1,0,0,0,0,0,0,0,,2K26
JerryRiced,Player,C,3,3,1,1,0,1,2,1,4,1,3,0,0,154,Krashout,1,1,0,0,0,0,0,0,0,,2K26
II WHEEL II,Player,A+,30,17,9,2,2,0,3,13,15,4,5,0,0,154,Krashout,1,1,0,0,0,0,0,0,0,,2K26
TOTAL,Total,B+,86,21,25,13,2,6,9,35,55,16,31,0,0,154,Krashout,1,1,0,0,0,18,14,29,25,,2K26
,Player,,,,,,,,,,,,,,,155,Huskies,0,1,,,,,,,,,2K26
,Player,,,,,,,,,,,,,,,155,Huskies,0,1,,,,,,,,,2K26
,Player,,,,,,,,,,,,,,,155,Huskies,0,1,,,,,,,,,2K26
,Player,,,,,,,,,,,,,,,155,Huskies,0,1,,,,,,,,,2K26
,Player,,,,,,,,,,,,,,,155,Huskies,0,1,,,,,,,,,2K26
TOTAL,Total,,,,,,,,,,,,,,,155,Huskies,0,1,,,,,,,,,2K26
,Player,,,,,,,,,,,,,,,155,Built 4 This,1,1,,,,,,,,,2K26
,Player,,,,,,,,,,,,,,,155,Built 4 This,1,1,,,,,,,,,2K26
,Player,,,,,,,,,,,,,,,155,Built 4 This,1,1,,,,,,,,,2K26
,Player,,,,,,,,,,,,,,,155,Built 4 This,1,1,,,,,,,,,2K26
,Player,,,,,,,,,,,,,,,155,Built 4 This,1,1,,,,,,,,,2K26
TOTAL,Total,,,,,,,,,,,,,,,155,Built 4 This,1,1,,,,,,,,,2K26
,Player,,,,,,,,,,,,,,,156,Built 4 This,0,1,,,,,,,,,2K26
,Player,,,,,,,,,,,,,,,156,Built 4 This,0,1,,,,,,,,,2K26
,Player,,,,,,,,,,,,,,,156,Built 4 This,0,1,,,,,,,,,2K26
,Player,,,,,,,,,,,,,,,156,Built 4 This,0,1,,,,,,,,,2K26
,Player,,,,,,,,,,,,,,,156,Built 4 This,0,1,,,,,,,,,2K26
TOTAL,Total,,,,,,,,,,,,,,,156,Built 4 This,0,1,,,,,,,,,2K26
,Player,,,,,,,,,,,,,,,156,Huskies,1,1,,,,,,,,,2K26
,Player,,,,,,,,,,,,,,,156,Huskies,1,1,,,,,,,,,2K26
,Player,,,,,,,,,,,,,,,156,Huskies,1,1,,,,,,,,,2K26
,Player,,,,,,,,,,,,,,,156,Huskies,1,1,,,,,,,,,2K26
,Player,,,,,,,,,,,,,,,156,Huskies,1,1,,,,,,,,,2K26
TOTAL,Total,,,,,,,,,,,,,,,156,Huskies,1,1,,,,,,,,,2K26
lllKari,Player,A+,40,0,7,0,0,1,1,14,19,10,13,2,2,158,La Familia,1,1,0,0,0,0,0,0,0,,2K26
vFrontFades,Player,A-,17,2,1,0,1,1,1,6,8,5,6,0,0,158,La Familia,1,1,0,0,0,0,0,0,0,,2K26
fitzy1919,Player,B-,5,0,1,1,0,1,0,2,2,1,1,0,0,158,La Familia,1,1,0,0,0,0,0,0,0,,2K26
Jujubuckss,Player,C,3,4,5,1,0,5,0,1,2,1,1,0,0,158,La Familia,1,1,0,0,0,0,0,0,0,,2K26
cardinalfive,Player,A-,19,6,4,2,0,1,1,9,12,1,3,0,0,158,La Familia,1,1,0,0,0,0,0,0,0,,2K26
TOTAL,Total,B+,84,12,18,4,1,9,3,32,43,18,24,2,2,158,La Familia,1,1,0,0,0,25,17,23,19,,2K26
lllManu,Player,A,28,1,8,0,0,2,1,10,13,8,10,0,0,158,Lost Generation,0,1,0,0,0,0,0,0,0,,2K26
llHurz,Player,B+,8,0,1,1,0,1,0,3,9,2,7,0,0,158,Lost Generation,0,1,0,0,0,0,0,0,0,,2K26
llHopeMikaelson,Player,C,11,0,0,0,0,2,1,5,8,1,4,0,0,158,Lost Generation,0,1,0,0,0,0,0,0,0,,2K26
SkeamgamingV,Player,B-,5,0,1,1,1,2,0,2,4,1,1,0,0,158,Lost Generation,0,1,0,0,0,0,0,0,0,,2K26
DynastyOnTop,Player,A,19,12,7,1,1,0,3,8,10,2,3,1,1,158,Lost Generation,0,1,0,0,0,0,0,0,0,,2K26
TOTAL,Total,B+,71,13,17,3,2,7,5,28,44,14,25,1,1,158,Lost Generation,0,1,0,0,0,16,22,18,15,,2K26
lllManu,Player,A,28,0,10,0,0,0,2,10,18,8,13,0,0,157,Lost Generation,1,1,0,0,0,0,0,0,0,,2K26
lllHurz,Player,A-,13,0,5,1,0,0,0,5,8,3,5,0,0,157,Lost Generation,1,1,0,0,0,0,0,0,0,,2K26
IIIHopeMikaelson,Player,B-,12,1,1,1,0,3,2,5,7,2,4,0,0,157,Lost Generation,1,1,0,0,0,0,0,0,0,,2K26
SkeamgamingV,Player,A-,13,2,5,7,0,4,1,5,6,3,3,0,0,157,Lost Generation,1,1,0,0,0,0,0,0,0,,2K26
DynastyOnTop,Player,A+,26,10,8,1,2,1,2,12,14,2,4,0,0,157,Lost Generation,1,1,0,0,0,0,0,0,0,,2K26
TOTAL,Total,A-,92,13,29,10,2,8,7,37,53,18,29,0,0,157,Lost Generation,1,1,0,0,0,23,20,17,32,,2K26
lllKari,Player,A,20,0,11,2,0,1,3,6,10,6,8,2,2,157,La Familia,0,1,0,0,0,0,0,0,0,,2K26
vFrontFades,Player,A-,17,0,3,0,1,0,1,6,6,3,3,2,2,157,La Familia,0,1,0,0,0,0,0,0,0,,2K26
fitzy1919,Player,C,6,1,1,1,0,3,1,2,3,2,2,0,0,157,La Familia,0,1,0,0,0,0,0,0,0,,2K26
jujubuckss,Player,B+,17,3,4,2,0,1,3,8,13,1,2,0,0,157,La Familia,0,1,0,0,0,0,0,0,0,,2K26
cardinalfive,Player,B-,17,10,2,1,1,1,7,8,10,1,1,0,0,157,La Familia,0,1,0,0,0,0,0,0,0,,2K26
TOTAL,Total,B,77,14,21,6,2,6,15,30,42,13,16,4,4,157,La Familia,0,1,0,0,0,28,20,19,10,,2K26
Kyglo_,Player,A,39,0,11,2,0,0,7,13,18,8,13,5,5,159,Al Ghul Academy,0,1,0,0,0,0,0,0,0,,2K26
GlorDihhYu,Player,B+,13,0,2,1,0,0,2,5,9,3,5,0,0,159,Al Ghul Academy,0,1,0,0,0,0,0,0,0,,2K26
llPurge-,Player,C+,6,0,2,1,0,5,1,2,3,2,3,0,0,159,Al Ghul Academy,0,1,0,0,0,0,0,0,0,,2K26
YPFRAS,Player,B,6,3,2,5,0,2,1,3,6,0,1,0,0,159,Al Ghul Academy,0,1,0,0,0,0,0,0,0,,2K26
MagiclsD1,Player,A-,16,7,3,0,0,1,1,8,10,0,0,0,0,159,Al Ghul Academy,0,1,0,0,0,0,0,0,0,,2K26
TOTAL,Total,B+,80,10,20,9,0,8,12,31,46,13,22,5,5,159,Al Ghul Academy,0,1,0,0,0,22,16,21,21,,2K26
llHurz,Player,A,21,1,14,0,0,0,5,8,10,5,7,0,0,159,Lost Generation,1,1,0,0,0,0,0,0,0,,2K26
llHopeMikaelson,Player,B,10,0,3,2,0,1,4,4,7,0,2,2,2,159,Lost Generation,1,1,0,0,0,0,0,0,0,,2K26
DKtheDon_,Player,A-,20,0,2,3,0,0,0,8,9,4,4,0,0,159,Lost Generation,1,1,0,0,0,0,0,0,0,,2K26
SkeamgamingV,Player,B+,13,1,2,4,0,3,1,6,7,1,1,0,0,159,Lost Generation,1,1,0,0,0,0,0,0,0,,2K26
DynastyOnTop,Player,A,26,12,5,1,1,2,3,11,13,4,5,0,0,159,Lost Generation,1,1,0,0,0,0,0,0,0,,2K26
TOTAL,Total,A-,90,14,26,10,1,5,13,37,46,14,19,2,2,159,Lost Generation,1,1,0,0,0,13,21,26,30,,2K26
killakiaa_1,Player,C+,20,0,3,1,0,0,7,7,13,6,11,0,0,9001,Obsidian Legacy,0,1,0,0,0,0,0,0,0,,2K26
TBucx4L,Player,B+,18,1,3,0,0,0,2,6,11,4,8,2,3,9001,Obsidian Legacy,0,1,0,0,0,0,0,0,0,,2K26
J-Kvino,Player,C+,6,0,1,0,0,0,0,2,4,2,3,0,0,9001,Obsidian Legacy,0,1,0,0,0,0,0,0,0,,2K26
scottiepimpenn3,Player,B,8,2,5,3,0,1,1,3,7,2,6,0,0,9001,Obsidian Legacy,0,1,0,0,0,0,0,0,0,,2K26
Oldman_tommy,Player,A-,17,5,2,2,0,2,1,7,9,2,3,1,2,9001,Obsidian Legacy,0,1,0,0,0,0,0,0,0,,2K26
TOTAL,Total,B,69,8,14,6,0,3,11,25,44,16,31,3,5,9001,Obsidian Legacy,0,1,0,0,0,10,14,22,23,,2K26
ThaGap,Player,A,19,1,8,1,0,1,1,7,12,5,9,0,0,9001,Public Enemy,1,1,0,0,0,0,0,0,0,,2K26
Pxlo Uncut,Player,A,37,0,4,2,0,1,2,14,17,9,12,0,0,9001,Public Enemy,1,1,0,0,0,0,0,0,0,,2K26
Wolfnossl,Player,A,28,0,3,5,0,2,2,10,10,8,8,0,0,9001,Public Enemy,1,1,0,0,0,0,0,0,0,,2K26
Press x Mud,Player,B,11,3,2,2,0,4,0,4,5,3,4,0,0,9001,Public Enemy,1,1,0,0,0,0,0,0,0,,2K26
hankgbit,Player,A,9,17,8,0,1,0,2,4,4,0,0,1,1,9001,Public Enemy,1,1,0,0,0,0,0,0,0,,2K26
TOTAL,Total,A-,104,21,25,10,1,8,7,39,48,25,33,1,1,9001,Public Enemy,1,1,0,0,0,23,22,23,36,,2K26
ThaGap,Player,A,24,1,7,1,0,1,1,8,13,5,10,3,3,9002,Public Enemy,1,1,0,0,0,0,0,0,0,,2K26
Pxlo Uncut,Player,A-,22,1,4,3,0,0,0,8,10,6,7,0,0,9002,Public Enemy,1,1,0,0,0,0,0,0,0,,2K26
Wolfnossl,Player,A,30,1,6,1,0,2,1,11,11,8,8,0,0,9002,Public Enemy,1,1,0,0,0,0,0,0,0,,2K26
Press x Mud,Player,B,12,6,4,0,0,3,2,5,9,2,6,0,0,9002,Public Enemy,1,1,0,0,0,0,0,0,0,,2K26
hankgbit,Player,B,8,4,5,1,0,0,2,4,4,0,0,0,0,9002,Public Enemy,1,1,0,0,0,0,0,0,0,,2K26
TOTAL,Total,A-,96,13,26,6,0,6,7,36,47,21,31,3,3,9002,Public Enemy,1,1,0,0,0,26,24,25,21,,2K26
TBucx4L,Player,A-,11,0,10,0,0,3,2,4,7,3,6,0,0,9002,Obsidian Legacy,0,1,0,0,0,0,0,0,0,,2K26
J-Kvino,Player,A-,20,0,6,1,0,1,2,7,12,6,8,0,0,9002,Obsidian Legacy,0,1,0,0,0,0,0,0,0,,2K26
TayGilgeous,Player,A,35,0,6,1,0,2,0,13,19,9,14,0,0,9002,Obsidian Legacy,0,1,0,0,0,0,0,0,0,,2K26
Oldman_tommy,Player,A,13,4,3,2,0,1,0,5,6,3,3,0,0,9002,Obsidian Legacy,0,1,0,0,0,0,0,0,0,,2K26
OJCASSO2K,Player,A-,12,9,6,1,0,1,3,6,7,0,0,0,0,9002,Obsidian Legacy,0,1,0,0,0,0,0,0,0,,2K26
TOTAL,Total,A-,91,13,31,5,0,8,7,35,51,21,31,0,0,9002,Obsidian Legacy,0,1,0,0,0,18,18,22,33,,2K26
IIKyree,Player,A+,37,0,11,0,0,1,2,12,21,11,18,2,2,9003,Built 4 This,0,1,0,0,0,0,0,0,0,,2K26
Ilexum-,Player,C,4,0,0,0,0,2,1,2,7,0,4,0,0,9003,Built 4 This,0,1,0,0,0,0,0,0,0,,2K26
IIAndyy,Player,C+,2,1,1,1,0,4,0,1,4,0,2,0,0,9003,Built 4 This,0,1,0,0,0,0,0,0,0,,2K26
Boxouhh,Player,C+,4,4,1,0,1,2,1,1,2,1,2,1,2,9003,Built 4 This,0,1,0,0,0,0,0,0,0,,2K26
FreeMePls,Player,A-,26,6,2,1,0,1,1,11,11,2,2,2,2,9003,Built 4 This,0,1,0,0,0,0,0,0,0,,2K26
TOTAL,Total,B,73,11,15,2,1,10,5,27,45,14,28,5,6,9003,Built 4 This,0,1,0,0,0,22,15,13,23,,2K26
IIIKari,Player,A,29,1,9,0,0,1,1,10,12,9,11,0,0,9003,La Familia,1,1,0,0,0,0,0,0,0,,2K26
vFrontFades,Player,A,30,0,3,1,0,1,0,11,13,8,10,0,1,9003,La Familia,1,1,0,0,0,0,0,0,0,,2K26
Sohtoxxic,Player,B,22,1,0,1,0,4,0,8,9,6,6,0,0,9003,La Familia,1,1,0,0,0,0,0,0,0,,2K26
Jujubuckss,Player,B+,16,2,3,1,0,3,0,7,11,2,3,0,0,9003,La Familia,1,1,0,0,0,0,0,0,0,,2K26
TheDynamicWolf,Player,A,9,12,12,1,0,2,1,4,5,1,1,0,0,9003,La Familia,1,1,0,0,0,0,0,0,0,,2K26
TOTAL,Total,A-,106,16,27,4,0,11,2,40,50,26,31,0,1,9003,La Familia,1,1,0,0,0,25,24,21,36,,2K26
lllKari,Player,A,16,1,11,0,0,0,3,6,9,4,7,0,0,9004,La Familia,1,1,0,0,0,0,0,0,0,,2K26
vFrontFades,Player,A,29,0,3,1,0,3,0,11,13,7,8,0,0,9004,La Familia,1,1,0,0,0,0,0,0,0,,2K26
Sohtoxxic,Player,B,13,1,0,1,0,2,0,5,8,3,6,0,0,9004,La Familia,1,1,0,0,0,0,0,0,0,,2K26
Jujubuckss,Player,B,6,0,5,0,1,1,0,2,6,2,6,0,0,9004,La Familia,1,1,0,0,0,0,0,0,0,,2K26
TheDynamicWolf,Player,A-,16,17,3,0,0,1,2,7,9,2,3,0,0,9004,La Familia,1,1,0,0,0,0,0,0,0,,2K26
TOTAL,Total,A-,80,19,22,2,1,7,5,31,45,18,30,0,0,9004,La Familia,1,1,0,0,0,21,17,24,18,,2K26
IIKyree,Player,A+,47,0,6,3,0,3,1,17,27,11,20,2,2,9004,Built 4 This,0,1,0,0,0,0,0,0,0,,2K26
llexum-,Player,C+,8,0,4,0,0,1,0,3,10,2,7,0,0,9004,Built 4 This,0,1,0,0,0,0,0,0,0,,2K26
llAndyy,Player,B-,6,1,1,1,0,3,1,2,5,2,5,0,0,9004,Built 4 This,0,1,0,0,0,0,0,0,0,,2K26
Boxouhh,Player,B,0,4,4,0,1,0,0,0,3,0,3,0,0,9004,Built 4 This,0,1,0,0,0,0,0,0,0,,2K26
FreeMePls,Player,A-,12,13,3,1,0,0,0,5,7,0,0,2,2,9004,Built 4 This,0,1,0,0,0,0,0,0,0,,2K26
TOTAL,Total,B+,73,18,18,5,1,7,2,27,52,15,35,4,4,9004,Built 4 This,0,1,0,0,0,16,20,16,21,,2K26
llxmollyll,Player,A,16,1,4,1,0,0,0,6,8,4,6,0,0,9005,Team Obsidian,1,1,0,0,0,0,0,0,0,,2K26
iBoola,Player,A+,30,0,7,0,0,0,0,11,14,8,11,0,0,9005,Team Obsidian,1,1,0,0,0,0,0,0,0,,2K26
TravTheLock,Player,B+,10,1,1,2,0,0,1,4,5,2,3,0,0,9005,Team Obsidian,1,1,0,0,0,0,0,0,0,,2K26
WhoLahGain,Player,B,6,1,0,1,0,0,0,2,3,2,3,0,0,9005,Team Obsidian,1,1,0,0,0,0,0,0,0,,2K26
CrippledGangsta,Player,A,0,8,7,1,1,0,1,0,0,0,0,0,0,9005,Team Obsidian,1,1,0,0,0,0,0,0,0,,2K26
TOTAL,Total,A-,62,11,19,5,1,0,2,23,30,16,23,0,0,9005,Team Obsidian,1,1,0,0,0,22,28,12,0,,2K26
LogoLarry,Player,B-,10,0,6,1,0,0,4,4,8,2,5,0,0,9005,Capitol City Cats,0,1,0,0,0,0,0,0,0,,2K26
l vSuper l,Player,B-,11,0,0,0,0,1,0,4,6,3,5,0,0,9005,Capitol City Cats,0,1,0,0,0,0,0,0,0,,2K26
xxiChesse4FUNxx,Player,C-,0,0,0,0,0,2,0,0,0,0,0,0,0,9005,Capitol City Cats,0,1,0,0,0,0,0,0,0,,2K26
T2E xLOUx X6,Player,C+,4,1,0,0,0,0,2,2,4,0,1,0,0,9005,Capitol City Cats,0,1,0,0,0,0,0,0,0,,2K26
vvDabz,Player,B,6,4,2,0,0,0,1,3,5,0,0,0,0,9005,Capitol City Cats,0,1,0,0,0,0,0,0,0,,2K26
TOTAL,Total,C+,31,5,8,1,0,3,7,13,23,5,11,0,0,9005,Capitol City Cats,0,1,0,0,0,20,9,2,0,,2K26
ThaGap,Player,A+,29,1,5,0,0,0,0,9,11,7,9,4,4,9006,Public Enemy,1,1,0,0,0,0,0,0,0,,2K26
Pxlo Uncut,Player,A+,35,1,5,0,0,0,0,13,15,7,8,2,3,9006,Public Enemy,1,1,0,0,0,0,0,0,0,,2K26
Wolfnossl,Player,B-,4,0,1,2,0,2,1,2,5,0,3,0,0,9006,Public Enemy,1,1,0,0,0,0,0,0,0,,2K26
Press x Mud,Player,B-,5,3,1,2,0,0,0,2,3,1,2,0,0,9006,Public Enemy,1,1,0,0,0,0,0,0,0,,2K26
dawgiest,Player,A+,15,14,7,0,0,1,1,7,8,1,1,0,0,9006,Public Enemy,1,1,0,0,0,0,0,0,0,,2K26
TOTAL,Total,A-,88,19,19,4,0,2,2,33,42,16,23,6,7,9006,Public Enemy,1,1,0,0,0,23,29,25,11,,2K26
IllManu,Player,B-,14,0,6,0,0,0,3,5,15,4,13,0,0,9006,Lost Generation,0,1,0,0,0,0,0,0,0,,2K26
IllHurz,Player,B,14,0,1,0,0,2,1,5,7,3,5,1,1,9006,Lost Generation,0,1,0,0,0,0,0,0,0,,2K26
llHopeMikaelson,Player,D+,8,1,0,0,0,2,1,3,5,2,2,0,0,9006,Lost Generation,0,1,0,0,0,0,0,0,0,,2K26
SkeamgamingV,Player,C+,11,0,1,0,0,2,0,4,6,3,4,0,0,9006,Lost Generation,0,1,0,0,0,0,0,0,0,,2K26
DynastyOnTop,Player,B+,11,7,4,0,0,1,1,5,8,1,2,0,0,9006,Lost Generation,0,1,0,0,0,0,0,0,0,,2K26
TOTAL,Total,B-,58,8,12,0,0,6,6,22,41,13,26,1,1,9006,Lost Generation,0,1,0,0,0,22,24,12,0,,2K26
ThaGap,Player,A-,11,0,1,1,0,0,0,4,4,3,3,0,0,9007,Public Enemy,1,1,0,0,0,0,0,0,0,,2K26
Pxlo Uncut,Player,A+,20,1,1,2,0,0,0,8,9,4,5,0,0,9007,Public Enemy,1,1,0,0,0,0,0,0,0,,2K26
Wolfnossl,Player,B,2,2,2,0,0,1,0,1,3,0,1,0,0,9007,Public Enemy,1,1,0,0,0,0,0,0,0,,2K26
Press x Mud,Player,B-,0,1,1,2,0,0,1,0,2,0,2,0,0,9007,Public Enemy,1,1,0,0,0,0,0,0,0,,2K26
dawgiest,Player,B,4,7,2,0,1,2,1,2,3,0,0,0,0,9007,Public Enemy,1,1,0,0,0,0,0,0,0,,2K26
TOTAL,Total,B+,37,11,7,6,1,3,2,15,21,7,11,0,0,9007,Public Enemy,1,1,0,0,0,21,16,0,0,,2K26
IllManu,Player,C+,7,0,2,0,0,1,1,3,9,1,5,0,0,9007,Lost Generation,0,1,0,0,0,0,0,0,0,,2K26
IllHurz,Player,C,0,0,1,1,0,0,2,0,0,0,0,0,0,9007,Lost Generation,0,1,0,0,0,0,0,0,0,,2K26
llHopeMikaelson,Player,C+,0,0,1,1,0,0,0,0,0,0,0,0,0,9007,Lost Generation,0,1,0,0,0,0,0,0,0,,2K26
SkeamgamingV,Player,B-,5,2,0,1,0,0,1,2,3,1,2,0,0,9007,Lost Generation,0,1,0,0,0,0,0,0,0,,2K26
DynastyOnTop,Player,C+,2,4,0,0,0,0,2,1,5,0,2,0,0,9007,Lost Generation,0,1,0,0,0,0,0,0,0,,2K26
TOTAL,Total,C+,14,6,4,2,0,1,7,6,17,2,9,0,0,9007,Lost Generation,0,1,0,0,0,11,3,0,0,,2K26
Precision Kill,Player,A+,47,1,13,1,0,1,0,16,26,11,20,4,4,9008,Huskies,1,1,0,0,0,0,0,0,0,,2K26
uuh7,Player,A-,22,0,1,1,0,1,0,8,11,6,8,0,0,9008,Huskies,1,1,0,0,0,0,0,0,0,,2K26
HuddyBield,Player,B,11,0,2,2,0,2,0,4,6,3,4,0,0,9008,Huskies,1,1,0,0,0,0,0,0,0,,2K26
K-O-B-E-2-K-🧊,Player,C,3,0,0,1,0,4,1,1,2,1,2,0,0,9008,Huskies,1,1,0,0,0,0,0,0,0,,2K26
At Some Point,Player,A-,14,10,4,0,0,0,1,6,7,0,0,2,2,9008,Huskies,1,1,0,0,0,0,0,0,0,,2K26
TOTAL,Total,B+,97,11,20,5,0,8,2,35,52,21,34,6,6,9008,Huskies,1,1,0,0,0,20,27,15,35,,2K26
Trifecta,Player,A+,34,2,14,0,1,0,3,12,18,10,15,0,0,9008,Krashout,0,1,0,0,0,0,0,0,0,,2K26
nen,Player,A-,24,0,7,0,0,0,2,10,11,4,5,0,0,9008,Krashout,0,1,0,0,0,0,0,0,0,,2K26
Crunch tuff,Player,B-,12,0,0,2,0,4,0,5,5,2,2,0,0,9008,Krashout,0,1,0,0,0,0,0,0,0,,2K26
MyOllies,Player,C+,7,0,0,0,0,3,0,2,2,2,2,1,2,9008,Krashout,0,1,0,0,0,0,0,0,0,,2K26
II WHEEL II,Player,A-,18,10,4,0,0,2,1,9,11,0,1,0,0,9008,Krashout,0,1,0,0,0,0,0,0,0,,2K26
TOTAL,Total,B+,95,12,25,2,1,9,6,38,47,18,25,1,2,9008,Krashout,0,1,0,0,0,22,23,20,30,,2K26
Trifecta,Player,A,13,0,15,2,0,1,4,4,10,3,8,2,2,9009,Krashout,0,1,0,0,0,0,0,0,0,,2K26
nen,Player,B+,26,0,3,3,0,2,2,11,17,4,7,0,0,9009,Krashout,0,1,0,0,0,0,0,0,0,,2K26
Crunch tuff,Player,C+,2,0,0,2,0,3,1,1,2,0,0,0,0,9009,Krashout,0,1,0,0,0,0,0,0,0,,2K26
MyOllies,Player,B-,5,1,1,2,1,2,1,2,2,1,1,0,0,9009,Krashout,0,1,0,0,0,0,0,0,0,,2K26
II WHEEL II,Player,A,24,13,5,1,0,1,1,11,11,2,2,0,0,9009,Krashout,0,1,0,0,0,0,0,0,0,,2K26
TOTAL,Total,B+,70,14,24,10,1,9,9,29,42,10,18,2,2,9009,Krashout,0,1,0,0,0,14,16,22,18,,2K26
Precisionkill,Player,B+,26,0,10,0,0,0,7,8,13,6,10,4,4,9009,Huskies,1,1,0,0,0,0,0,0,0,,2K26
uuh7,Player,B+,17,1,0,0,0,0,2,6,8,5,6,0,0,9009,Huskies,1,1,0,0,0,0,0,0,0,,2K26
K-O-B-E-2-K-🧊,Player,B-,5,0,0,3,0,2,0,2,4,1,3,0,0,9009,Huskies,1,1,0,0,0,0,0,0,0,,2K26
Javalanche,Player,B+,13,3,3,2,0,4,0,5,10,3,7,0,0,9009,Huskies,1,1,0,0,0,0,0,0,0,,2K26
At Some Point,Player,B+,11,8,6,1,0,0,1,5,7,1,1,0,0,9009,Huskies,1,1,0,0,0,0,0,0,0,,2K26
TOTAL,Total,B+,72,12,19,6,0,6,10,26,42,16,27,4,4,9009,Huskies,1,1,0,0,0,19,17,12,24,,2K26
Ypfras,Player,A+,44,3,9,1,0,2,1,18,21,8,11,0,0,9010,Al Ghul Academy,1,1,0,0,0,0,0,0,0,,2K26
Glordihhyu,Player,A,18,0,5,2,1,1,1,6,9,6,8,0,0,9010,Al Ghul Academy,1,1,0,0,0,0,0,0,0,,2K26
Mrjcabz,Player,B+,11,1,2,4,0,2,1,5,9,1,2,0,0,9010,Al Ghul Academy,1,1,0,0,0,0,0,0,0,,2K26
Purge-,Player,B+,6,6,3,2,0,3,0,3,4,0,1,0,0,9010,Al Ghul Academy,1,1,0,0,0,0,0,0,0,,2K26
Naloo,Player,A,12,8,6,2,2,1,0,5,8,2,4,0,0,9010,Al Ghul Academy,1,1,0,0,0,0,0,0,0,,2K26
TOTAL,Total,A-,91,18,25,11,3,9,3,37,51,17,26,0,0,9010,Al Ghul Academy,1,1,0,0,0,0,0,0,0,,2K26
Kari,Player,A-,24,0,6,0,0,0,4,8,11,6,8,2,2,9010,La Familia,0,1,0,0,0,0,0,0,0,,2K26
1 |Freakyyl,Player,C+,8,0,1,0,0,0,3,3,6,2,4,0,0,9010,La Familia,0,1,0,0,0,0,0,0,0,,2K26
Fitzy1919,Player,B-,13,2,2,1,0,2,0,5,9,3,5,0,0,9010,La Familia,0,1,0,0,0,0,0,0,0,,2K26
Jujubuckss,Player,C,9,5,4,2,1,5,4,4,9,1,2,0,0,9010,La Familia,0,1,0,0,0,0,0,0,0,,2K26
Thedynamicwolf,Player,B,7,6,4,0,0,1,1,3,8,1,1,0,0,9010,La Familia,0,1,0,0,0,0,0,0,0,,2K26
TOTAL,Total,B-,61,13,17,3,1,8,12,23,43,13,20,2,2,9010,La Familia,0,1,0,0,0,0,0,0,0,,2K26